City_ID,City,Country,Date,Lat,Lng,Max Temp,Humidity,Cloudiness,Wind Speed
0,Georgetown,MY,2022-02-02 04:39:27,5.4112,100.3354,89.53,77,20,8.99
1,Ancud,CL,2022-02-02 04:41:34,-41.8697,-73.8203,58.23,93,100,2.86
2,Kayerkan,RU,2022-02-02 04:41:36,69.3497,87.7602,3.52,77,97,5.73
3,Hithadhoo,MV,2022-02-02 04:41:38,-0.6,73.0833,82.8,70,8,9.91
4,Canberra,AU,2022-02-02 04:41:41,-35.2835,149.1281,74.05,74,100,16.11
5,Hualmay,PE,2022-02-02 04:36:57,-11.0964,-77.6139,70.29,82,71,8.75
6,Adrar,MR,2022-02-02 04:41:43,20.5022,-10.0711,65.59,21,40,11.45
7,Bar Harbor,US,2022-02-02 04:40:01,44.3876,-68.2039,29.01,75,100,3.0
8,Mehamn,NO,2022-02-02 04:41:46,71.0357,27.8492,21.38,85,0,14.97
9,Bengkulu,ID,2022-02-02 04:37:21,-3.8004,102.2655,78.69,72,100,5.93
10,Airai,TL,2022-02-02 04:36:55,-8.9266,125.4092,74.79,53,47,6.46
11,Saint-Pierre,RE,2022-02-02 04:41:49,-21.3393,55.4781,83.84,89,100,36.82
12,Hilo,US,2022-02-02 04:41:00,19.7297,-155.09,73.13,84,20,5.75
13,Arlit,NE,2022-02-02 04:41:52,18.7369,7.3853,57.85,17,42,7.16
14,Rikitea,PF,2022-02-02 04:41:54,-23.1203,-134.9692,78.35,69,94,5.7
15,Butaritari,KI,2022-02-02 04:41:54,3.0707,172.7902,81.79,78,32,15.19
16,Victor Harbor,AU,2022-02-02 04:41:56,-35.5667,138.6167,72.91,55,66,4.0
17,Lucea,JM,2022-02-02 04:41:57,18.451,-78.1736,73.26,78,2,7.45
18,Tromso,NO,2022-02-02 04:40:15,69.6496,18.957,19.42,58,0,5.75
19,New Norfolk,AU,2022-02-02 04:42:00,-42.7826,147.0587,65.91,37,87,4.0
20,Port Alfred,ZA,2022-02-02 04:42:01,-33.5906,26.891,79.36,71,97,6.89
21,Kapaa,US,2022-02-02 04:42:02,22.0752,-159.319,75.18,76,75,1.01
22,Vao,NC,2022-02-02 04:42:02,-22.6667,167.4833,78.4,85,79,16.6
23,Ushuaia,AR,2022-02-02 04:42:03,-54.8,-68.3,42.46,70,75,32.21
24,Ilulissat,GL,2022-02-02 04:42:04,69.2167,-51.1,5.02,51,100,10.36
25,Kribi,CM,2022-02-02 04:42:05,2.95,9.9167,78.28,84,79,4.03
26,Bonfim,BR,2022-02-02 04:42:08,3.0833,-59.95,77.45,71,41,8.99
27,Rocha,UY,2022-02-02 04:42:09,-34.4833,-54.3333,57.42,80,1,6.67
28,Kahului,US,2022-02-02 04:38:49,20.8947,-156.47,75.22,74,20,19.57
29,Derzhavinsk,KZ,2022-02-02 04:41:16,51.1,66.3167,14.47,84,100,6.78
30,Cape Town,ZA,2022-02-02 04:40:50,-33.9258,18.4232,69.28,83,75,5.99
31,Ribeira Grande,PT,2022-02-02 04:42:13,38.5167,-28.7,59.41,75,33,11.86
32,Namatanai,PG,2022-02-02 04:42:14,-3.6667,152.4333,83.48,68,93,8.39
33,Ixtapa,MX,2022-02-02 04:40:20,20.7,-105.2,67.23,73,0,0.0
34,Baherden,TM,2022-02-02 04:42:15,38.4362,57.4316,49.46,40,0,3.38
35,Camana,PE,2022-02-02 04:42:16,-16.6228,-72.7111,70.83,84,91,8.63
36,Busselton,AU,2022-02-02 04:42:18,-33.65,115.3333,84.04,31,30,9.84
37,Praia,CV,2022-02-02 04:40:55,14.9215,-23.5087,77.54,53,20,5.75
38,Hamilton,US,2022-02-02 04:42:10,39.1834,-84.5333,50.63,51,0,5.75
39,Victoria,HK,2022-02-02 04:41:29,22.2855,114.1577,62.94,89,100,1.99
40,Hobart,AU,2022-02-02 04:40:38,-42.8794,147.3294,66.25,44,75,1.01
41,Necochea,AR,2022-02-02 04:42:22,-38.5473,-58.7368,59.04,71,80,7.76
42,Cabo San Lucas,MX,2022-02-02 04:43:24,22.8909,-109.9124,69.51,64,0,10.0
43,Aksu,CN,2022-02-02 04:39:51,41.1231,80.2644,30.16,37,0,1.07
44,Dikson,RU,2022-02-02 04:43:26,73.5069,80.5464,0.93,94,100,15.66
45,Otradnoye,RU,2022-02-02 04:43:28,59.7775,30.8181,24.85,98,99,2.28
46,Makakilo City,US,2022-02-02 04:43:30,21.3469,-158.0858,75.56,65,40,8.05
47,Moree,AU,2022-02-02 04:43:32,-29.4667,149.85,80.62,69,75,8.05
48,Rosa Zarate,EC,2022-02-02 04:43:33,0.3333,-79.4667,72.46,96,95,1.88
49,Grootfontein,NA,2022-02-02 04:43:34,-19.5667,18.1167,64.44,87,100,14.12
50,Mataura,NZ,2022-02-02 04:43:36,-46.1927,168.8643,70.48,63,95,7.96
51,Bluff,NZ,2022-02-02 04:43:36,-46.6,168.3333,70.81,90,93,9.75
52,Hearst,CA,2022-02-02 04:43:39,49.6835,-83.6665,25.05,80,99,16.46
53,Gejiu,CN,2022-02-02 04:43:40,23.306,103.1635,45.82,80,96,5.75
54,Norman Wells,CA,2022-02-02 04:43:41,65.282,-126.8329,-34.56,67,75,0.0
55,Nikolskoye,RU,2022-02-02 04:43:43,59.7035,30.7861,24.69,98,99,2.39
56,Pangnirtung,CA,2022-02-02 04:43:44,66.1451,-65.7125,-10.97,80,89,4.85
57,Coari,BR,2022-02-02 04:43:45,-4.085,-63.1414,72.97,98,99,2.35
58,Walvis Bay,NA,2022-02-02 04:43:47,-22.9575,14.5053,66.09,88,19,1.68
59,Guerrero Negro,MX,2022-02-02 04:43:47,27.9769,-114.0611,59.95,74,95,10.69
60,Massarosa,IT,2022-02-02 04:43:48,43.8676,10.3397,49.93,84,2,2.66
61,Mahebourg,MU,2022-02-02 04:43:50,-20.4081,57.7,82.69,83,75,26.46
62,Zaozerne,UA,2022-02-02 04:43:52,45.1582,33.2787,44.94,94,100,8.3
63,Atuona,PF,2022-02-02 04:43:53,-9.8,-139.0333,78.71,78,11,20.85
64,Hermanus,ZA,2022-02-02 04:43:54,-34.4187,19.2345,67.89,84,4,7.4
65,Albany,US,2022-02-02 04:43:55,42.6001,-73.9662,30.78,72,100,1.99
66,Soure,BR,2022-02-02 04:43:56,-0.7167,-48.5233,78.69,86,100,9.64
67,San Jose De Guanipa,VE,2022-02-02 04:43:59,8.8872,-64.1651,74.5,74,58,13.4
68,Barrow,US,2022-02-02 04:44:01,71.2906,-156.7887,-18.38,76,40,6.91
69,Saint-Philippe,RE,2022-02-02 04:44:02,-21.3585,55.7679,83.75,95,100,25.75
70,Castro,BR,2022-02-02 04:44:04,-24.7911,-50.0119,61.25,98,76,4.83
71,Naze,JP,2022-02-02 04:44:05,28.3667,129.4833,56.32,74,100,12.12
72,Staroshcherbinovskaya,RU,2022-02-02 04:44:06,46.6311,38.6742,38.34,82,100,10.65
73,Coahuayana,MX,2022-02-02 04:44:07,18.7333,-103.6833,67.53,71,0,3.6
74,Codrington,AU,2022-02-02 04:44:09,-38.2667,141.9667,61.72,52,94,12.97
75,Kavaratti,IN,2022-02-02 04:42:29,10.5669,72.642,80.67,67,6,8.77
76,Andapa,MG,2022-02-02 04:44:11,-14.65,49.65,74.89,67,100,3.24
77,Souillac,MU,2022-02-02 04:44:13,-20.5167,57.5167,82.78,83,75,26.46
78,Bemidji,US,2022-02-02 04:44:14,47.4736,-94.8803,-0.09,81,0,17.27
79,Aasiaat,GL,2022-02-02 04:44:15,68.7098,-52.8699,0.3,88,100,8.81
80,Goundi,TD,2022-02-02 04:44:17,9.3627,17.366,64.72,22,3,4.59
81,Kruisfontein,ZA,2022-02-02 04:44:18,-34.0033,24.7314,80.02,59,100,2.44
82,Talnakh,RU,2022-02-02 04:44:20,69.4865,88.3972,4.21,96,100,7.0
83,Vaini,TO,2022-02-02 04:44:21,-21.2,-175.2,84.36,74,20,5.75
84,Ifo,NG,2022-02-02 04:44:22,6.8144,3.1958,71.22,67,3,1.9
85,Xucheng,CN,2022-02-02 04:44:23,20.35,110.1288,59.7,90,97,17.16
86,Santa Cruz Cabralia,BR,2022-02-02 04:44:24,-16.2781,-39.0247,79.03,89,0,4.61
87,Ahipara,NZ,2022-02-02 04:44:25,-35.1667,173.1667,74.21,69,100,13.33
88,Paamiut,GL,2022-02-02 04:44:26,61.994,-49.6678,-1.21,91,97,9.13
89,Riyadh,SA,2022-02-02 04:43:56,24.6877,46.7219,48.25,71,0,10.36
90,Osakarovka,KZ,2022-02-02 04:41:16,50.565,72.5692,1.42,85,100,5.75
91,Thompson,CA,2022-02-02 04:45:09,55.7435,-97.8558,-23.64,69,0,17.27
92,Kodiak,US,2022-02-02 04:45:32,57.79,-152.4072,36.91,87,100,10.36
93,Bereda,ES,2022-02-02 04:41:14,43.2686,-7.5406,41.41,100,9,1.9
94,Lebu,CL,2022-02-02 04:45:35,-37.6167,-73.65,57.29,94,12,7.56
95,Virginia Beach,US,2022-02-02 04:41:02,36.8529,-75.978,38.01,92,40,6.91
96,Puerto Escondido,MX,2022-02-02 04:45:40,15.85,-97.0667,77.83,69,20,5.75
97,Asau,RO,2022-02-02 04:45:42,46.4333,26.4,26.76,90,92,5.91
98,Batemans Bay,AU,2022-02-02 04:45:43,-35.7167,150.1833,71.2,87,100,2.46
99,Punta Arenas,CL,2022-02-02 04:45:44,-53.15,-70.9167,44.71,70,40,13.8
100,Safaga,EG,2022-02-02 04:45:45,26.7292,33.9365,59.92,63,2,5.03
101,Kavieng,PG,2022-02-02 04:45:46,-2.5744,150.7967,83.07,70,100,7.83
102,Maracas,BR,2022-02-02 04:45:48,-13.4411,-40.4308,62.62,93,0,2.82
103,Sao Filipe,CV,2022-02-02 04:45:51,14.8961,-24.4956,72.86,76,7,12.53
104,Trinidad,BO,2022-02-02 04:45:52,-14.8333,-64.9,71.47,98,100,3.04
105,Henties Bay,NA,2022-02-02 04:45:54,-22.116,14.2845,65.86,85,49,1.77
106,Umm Kaddadah,SD,2022-02-02 04:45:56,13.6017,26.6876,56.48,23,1,7.63
107,North Myrtle Beach,US,2022-02-02 04:44:55,33.816,-78.68,44.06,83,0,4.61
108,Nalgonda,IN,2022-02-02 04:46:01,17.05,79.2667,79.93,47,2,6.29
109,Tasiilaq,GL,2022-02-02 04:46:02,65.6145,-37.6368,12.36,85,100,5.53
110,Askiz,RU,2022-02-02 04:46:04,53.1319,90.5264,5.22,92,97,0.89
111,Puerto Ayora,EC,2022-02-02 04:46:06,-0.7393,-90.3518,73.54,95,100,1.01
112,Kondinskoye,RU,2022-02-02 04:46:08,59.6481,67.41,17.08,94,100,12.15
113,Bontang,ID,2022-02-02 04:46:09,0.1333,117.5,85.44,67,82,10.45
114,Chegdomyn,RU,2022-02-02 04:46:10,51.1167,133.0167,-1.46,86,99,2.51
115,Shirvan,AZ,2022-02-02 04:46:13,39.9509,48.8994,40.6,89,41,2.89
116,Bredasdorp,ZA,2022-02-02 04:46:14,-34.5322,20.0403,71.71,80,16,3.67
117,Islamkot,PK,2022-02-02 04:46:16,24.6997,70.177,76.75,39,9,14.23
118,La Ronge,CA,2022-02-02 04:46:17,55.1001,-105.2842,-12.75,64,20,10.36
119,Curumani,CO,2022-02-02 04:46:18,9.1999,-73.5427,75.54,64,5,3.89
120,Kaitangata,NZ,2022-02-02 04:46:19,-46.2817,169.8464,83.17,47,75,6.53
121,Manaure,CO,2022-02-02 04:46:21,11.7751,-72.4445,76.86,82,1,12.39
122,Nurota,UZ,2022-02-02 04:46:22,40.5614,65.6886,37.49,46,100,3.53
123,Sisimiut,GL,2022-02-02 04:46:23,66.9395,-53.6735,4.64,84,100,12.33
124,Luderitz,NA,2022-02-02 04:46:26,-26.6481,15.1594,63.93,91,61,8.25
125,Clyde River,CA,2022-02-02 04:46:27,70.4692,-68.5914,-27.17,75,40,2.3
126,Roma,US,2022-02-02 04:46:29,43.2128,-75.4557,33.66,68,0,10.36
127,East London,ZA,2022-02-02 04:43:24,-33.0153,27.9116,74.34,88,0,2.3
128,Kamyshevatskaya,RU,2022-02-02 04:46:32,46.4132,37.9563,39.63,87,100,14.18
129,Yangambi,CD,2022-02-02 04:46:34,0.8102,24.4336,72.16,72,97,0.76
130,Qaanaaq,GL,2022-02-02 04:46:35,77.484,-69.3632,-22.49,62,99,9.86
131,Bethal,ZA,2022-02-02 04:46:36,-26.4579,29.4655,62.53,55,17,4.12
132,Chuy,UY,2022-02-02 04:46:38,-33.6971,-53.4616,61.32,80,0,6.51
133,Port Hedland,AU,2022-02-02 04:46:40,-20.3167,118.5667,87.85,70,100,8.05
134,Korfovskiy,RU,2022-02-02 04:47:41,48.2183,135.0564,6.26,86,94,5.46
135,Torbay,CA,2022-02-02 04:43:14,47.6666,-52.7314,17.58,75,0,6.91
136,Romitan,UZ,2022-02-02 04:47:44,39.9343,64.3814,39.15,87,20,6.91
137,Huehuetenango,GT,2022-02-02 04:47:46,15.3197,-91.4708,63.21,72,100,0.0
138,Port Said,EG,2022-02-02 04:47:47,31.2565,32.2841,57.81,57,1,10.38
139,Guilin,CN,2022-02-02 04:47:48,25.2819,110.2864,44.71,84,100,7.81
140,Gizo,SB,2022-02-02 04:47:49,-8.103,156.8419,83.95,74,91,11.99
141,Korla,CN,2022-02-02 04:47:50,41.7597,86.1469,27.81,41,0,3.65
142,Jamestown,US,2022-02-02 04:45:44,42.097,-79.2353,35.71,50,100,8.01
143,Rabat,MA,2022-02-02 04:43:42,33.9911,-6.8401,53.01,87,0,9.22
144,Salalah,OM,2022-02-02 04:47:54,17.0151,54.0924,66.29,45,0,2.3
145,Chicama,PE,2022-02-02 04:47:56,-7.8447,-79.1469,63.14,69,9,5.48
146,Tazovskiy,RU,2022-02-02 04:47:57,67.4667,78.7,-11.54,100,93,5.48
147,Cidreira,BR,2022-02-02 04:47:59,-30.1811,-50.2056,72.81,79,0,14.34
148,Constitucion,CL,2022-02-02 04:45:56,-35.3333,-72.4167,56.01,92,12,4.23
149,Bethel,US,2022-02-02 04:48:02,41.3712,-73.414,33.57,75,100,0.0
150,Arica,CL,2022-02-02 04:48:04,-18.475,-70.3042,66.43,72,0,3.44
151,Unecha,RU,2022-02-02 04:48:05,52.8459,32.6739,13.57,96,92,8.66
152,Garowe,SO,2022-02-02 04:48:07,8.4054,48.4845,71.78,70,71,11.88
153,Sitka,US,2022-02-02 04:48:08,57.0531,-135.33,31.89,80,100,16.11
154,Yar-Sale,RU,2022-02-02 04:48:10,66.8333,70.8333,-14.96,98,44,7.96
155,Faanui,PF,2022-02-02 04:48:11,-16.4833,-151.75,81.16,76,9,20.49
156,Yellowknife,CA,2022-02-02 04:48:13,62.456,-114.3525,-30.44,75,0,5.75
157,Saskylakh,RU,2022-02-02 04:48:14,71.9167,114.0833,-28.16,100,45,1.99
158,Bray,IE,2022-02-02 04:46:49,53.2028,-6.0983,48.42,88,100,14.56
159,Surt,LY,2022-02-02 04:48:16,31.2089,16.5887,53.4,66,27,23.76
160,Ulaangom,MN,2022-02-02 04:48:18,49.9811,92.0667,-16.02,89,91,2.21
161,Port Macquarie,AU,2022-02-02 04:48:19,-31.4333,152.9167,76.89,88,100,5.61
162,Coquimbo,CL,2022-02-02 04:48:21,-29.9533,-71.3436,62.33,88,0,1.14
163,Lompoc,US,2022-02-02 04:48:21,34.6391,-120.4579,55.71,54,0,11.5
164,Bakchar,RU,2022-02-02 04:48:22,57.0186,82.0711,15.26,95,84,5.26
165,Porbandar,IN,2022-02-02 04:48:23,21.6422,69.6093,67.98,77,1,9.22
166,Dunedin,NZ,2022-02-02 04:47:38,-45.8742,170.5036,76.8,64,76,5.01
167,Cherskiy,RU,2022-02-02 04:48:26,68.75,161.3,8.58,66,100,4.85
168,Kendari,ID,2022-02-02 04:48:27,-3.945,122.4989,85.96,65,97,5.93
169,Susanville,US,2022-02-02 04:45:24,40.4163,-120.653,26.44,63,0,1.01
170,Denia,ES,2022-02-02 04:48:29,38.8408,0.1057,58.84,56,0,1.01
171,Iqaluit,CA,2022-02-02 04:48:31,63.7506,-68.5145,-4.27,76,100,21.0
172,Deputatskiy,RU,2022-02-02 04:43:45,69.3,139.9,-16.55,98,100,1.41
173,Margate,GB,2022-02-02 04:48:34,51.3813,1.3862,50.76,81,99,5.01
174,Rehoboth,NA,2022-02-02 04:48:36,-23.3167,17.0833,69.67,72,100,5.48
175,Dingle,PH,2022-02-02 04:48:37,10.9995,122.6711,85.19,63,100,13.15
176,Malanje,AO,2022-02-02 04:48:39,-9.5402,16.341,59.76,97,82,3.04
177,North Bend,US,2022-02-02 04:48:41,43.4065,-124.2243,42.71,95,100,0.0
178,Longyearbyen,SJ,2022-02-02 04:48:44,78.2186,15.6401,17.44,79,75,9.22
179,Pisco,PE,2022-02-02 04:48:46,-13.7,-76.2167,69.85,78,20,10.36
180,Upernavik,GL,2022-02-02 04:48:48,72.7868,-56.1549,-12.86,70,100,4.7
181,Huarmey,PE,2022-02-02 04:49:49,-10.0681,-78.1522,70.9,82,83,8.41
182,Resita,RO,2022-02-02 04:49:50,45.3008,21.8892,22.78,95,71,3.56
183,Port Blair,IN,2022-02-02 04:49:52,11.6667,92.75,84.24,65,20,9.22
184,Pevek,RU,2022-02-02 04:49:54,69.7008,170.3133,-6.66,77,100,2.53
185,Calvinia,ZA,2022-02-02 04:49:54,-31.4707,19.776,69.76,73,100,3.49
186,Vostok,RU,2022-02-02 04:49:55,46.4856,135.8833,6.28,85,100,8.3
187,Fort Nelson,CA,2022-02-02 04:49:57,58.8053,-122.7002,-22.41,83,0,2.3
188,Saldanha,ZA,2022-02-02 04:49:58,-33.0117,17.9442,66.25,95,87,12.84
189,Devanhalli,IN,2022-02-02 04:50:00,13.2325,77.6992,81.27,60,7,5.75
190,Pedernales,DO,2022-02-02 04:50:01,18.0384,-71.744,75.09,74,8,4.79
191,San Felipe,VE,2022-02-02 04:50:03,10.3399,-68.7425,71.73,90,77,4.72
192,Todos Santos,MX,2022-02-02 04:46:09,23.45,-110.2167,68.0,73,1,4.65
193,Bairiki,KI,2022-02-02 04:50:06,1.3292,172.9752,86.0,74,20,4.61
194,Tuatapere,NZ,2022-02-02 04:50:07,-46.1333,167.6833,70.83,93,95,4.76
195,Masvingo,ZW,2022-02-02 04:50:09,-20.0637,30.8277,68.52,74,0,4.56
196,Baykit,RU,2022-02-02 04:50:10,61.67,96.37,0.84,99,93,2.06
197,Bollene,FR,2022-02-02 04:50:11,44.2848,4.753,49.78,78,0,21.85
198,Seymchan,RU,2022-02-02 04:50:12,62.8833,152.4333,-9.15,93,100,3.04
199,Girne,CY,2022-02-02 04:50:13,35.3417,33.3167,59.99,77,86,9.53
200,Kieta,PG,2022-02-02 04:50:14,-6.2167,155.6333,84.45,69,80,11.12
201,Tsagan Aman,RU,2022-02-02 04:50:15,47.5639,46.7218,32.14,93,100,7.83
202,Haines Junction,CA,2022-02-02 04:50:16,60.7522,-137.5108,-14.85,76,100,1.14
203,Aklavik,CA,2022-02-02 04:50:17,68.2191,-135.0107,-17.57,100,98,3.89
204,Isangel,VU,2022-02-02 04:47:43,-19.55,169.2667,86.11,79,75,0.0
205,Caravelas,BR,2022-02-02 04:50:19,-17.7125,-39.2481,75.85,95,85,6.46
206,Furao,PH,2022-02-02 04:50:20,17.0329,121.7981,81.12,63,19,1.81
207,Westport,US,2022-02-02 04:50:21,41.1415,-73.3579,35.74,74,100,8.01
208,Ponta Do Sol,PT,2022-02-02 04:47:48,32.6667,-17.1,67.71,58,100,10.74
209,Bilibino,RU,2022-02-02 04:50:23,68.0546,166.4372,3.88,59,100,6.76
210,Vila Velha,BR,2022-02-02 04:50:24,-20.3297,-40.2925,73.94,96,100,2.3
211,Sonoita,MX,2022-02-02 04:50:25,31.85,-112.8333,60.53,38,93,3.69
212,Morristown,US,2022-02-02 04:49:18,36.214,-83.2949,45.7,52,0,4.61
213,Mao,ES,2022-02-02 04:50:26,39.8885,4.2658,52.36,87,0,11.5
214,Gamba,GA,2022-02-02 04:50:28,-2.65,10.0,77.07,86,100,5.3
215,Farafangana,MG,2022-02-02 04:50:30,-22.8167,47.8333,78.57,70,32,4.43
216,Piacabucu,BR,2022-02-02 04:48:51,-10.4056,-36.4344,77.34,80,4,6.33
217,Bianzhuang,CN,2022-02-02 04:50:32,34.8486,118.0447,40.64,28,100,2.59
218,Selizharovo,RU,2022-02-02 04:50:34,56.8519,33.4487,16.45,95,100,5.99
219,Tiksi,RU,2022-02-02 04:50:35,71.6872,128.8694,-8.01,96,100,8.08
220,Avarua,CK,2022-02-02 04:47:37,-21.2078,-159.775,80.65,83,20,11.5
221,Lazaro Cardenas,MX,2022-02-02 04:50:39,17.9583,-102.2,73.72,68,0,3.13
222,Abha,SA,2022-02-02 04:50:40,18.2164,42.5053,49.82,76,0,0.0
223,Qandala,SO,2022-02-02 04:50:42,11.472,49.8728,75.38,74,20,6.49
224,Karla,EE,2022-02-02 04:50:43,59.3723,24.9275,21.16,86,100,2.3
225,Saint George,US,2022-02-02 04:50:46,37.1041,-113.5841,40.62,28,0,1.01
226,Monastyrshchina,RU,2022-02-02 04:50:47,54.3496,31.838,17.87,97,99,8.01
227,Ghanzi,BW,2022-02-02 04:50:49,-21.5667,21.7833,66.42,93,6,7.74
228,Naxos,GR,2022-02-02 04:50:51,37.1056,25.3764,60.64,64,100,15.99
229,Geraldton,AU,2022-02-02 04:50:08,-28.7667,114.6,104.41,13,1,17.27
230,Dustlik,UZ,2022-02-02 04:51:53,40.5247,68.0358,45.05,38,100,5.86
231,Richards Bay,ZA,2022-02-02 04:47:37,-28.783,32.0377,77.18,78,64,11.95
232,Mersing,MY,2022-02-02 04:51:54,2.4312,103.8405,85.91,70,40,5.75
233,Bambous Virieux,MU,2022-02-02 04:51:22,-20.3428,57.7575,82.65,83,75,26.46
234,Port Lincoln,AU,2022-02-02 04:51:56,-34.7333,135.8667,65.43,54,61,18.43
235,Kangaba,ML,2022-02-02 04:51:58,11.9333,-8.4167,68.88,13,3,8.08
236,Port Elizabeth,ZA,2022-02-02 04:51:59,-33.918,25.5701,75.49,83,0,1.14
237,Gladstone,AU,2022-02-02 04:49:15,-23.85,151.25,93.78,58,96,18.41
238,Havoysund,NO,2022-02-02 04:51:15,70.9963,24.6622,25.68,78,87,12.62
239,Beringovskiy,RU,2022-02-02 04:52:03,63.05,179.3167,-0.45,87,95,16.58
240,Starobaltachevo,RU,2022-02-02 04:52:04,56.0013,55.9213,27.3,95,100,15.59
241,Sangar,RU,2022-02-02 04:52:05,63.9242,127.4739,-25.53,92,100,2.24
242,San Patricio,US,2022-02-02 04:52:06,28.017,-97.5169,62.89,85,10,8.61
243,Klaksvik,FO,2022-02-02 04:50:16,62.2266,-6.589,34.72,74,99,14.16
244,Jalingo,NG,2022-02-02 04:52:07,8.8833,11.3667,65.93,24,24,3.53
245,Kamenka,RU,2022-02-02 04:52:09,51.3223,42.7678,29.75,98,81,3.44
246,La Rioja,ES,2022-02-02 04:52:11,42.25,-2.5,36.32,75,2,7.18
247,Chokurdakh,RU,2022-02-02 04:48:48,70.6333,147.9167,-6.97,93,100,4.72
248,Khatanga,RU,2022-02-02 04:50:26,71.9667,102.5,-38.04,98,35,2.01
249,San-Pedro,CI,2022-02-02 04:52:15,4.7485,-6.6363,75.52,90,100,4.88
250,Mar Del Plata,AR,2022-02-02 04:52:16,-38.0023,-57.5575,68.09,89,0,3.0
251,Fernie,CA,2022-02-02 04:52:17,49.5,-115.0687,11.37,93,99,6.2
252,Tuktoyaktuk,CA,2022-02-02 04:52:18,69.4541,-133.0374,-29.2,75,0,4.61
253,Pangkalanbuun,ID,2022-02-02 04:52:22,-2.6833,111.6167,91.98,52,85,2.04
254,Bandar-E Lengeh,IR,2022-02-02 04:52:24,26.5579,54.8807,64.51,55,0,6.91
255,Conceicao Do Araguaia,BR,2022-02-02 04:52:10,-8.2578,-49.2647,72.39,95,78,1.48
256,Puerto Leguizamo,CO,2022-02-02 04:52:27,-0.1934,-74.7819,73.89,78,80,1.07
257,Bonthe,SL,2022-02-02 04:52:28,7.5264,-12.505,74.68,93,52,2.93
258,Labuan,MY,2022-02-02 04:52:30,5.2767,115.2417,91.56,70,20,5.75
259,Taoudenni,ML,2022-02-02 04:52:30,22.6783,-3.9836,65.07,27,70,12.19
260,Sassari,IT,2022-02-02 04:52:31,40.7272,8.5603,51.58,83,61,11.65
261,Monrovia,LR,2022-02-02 04:52:32,6.3005,-10.7969,74.97,85,71,3.09
262,San Carlos De Bariloche,AR,2022-02-02 04:49:04,-41.1456,-71.3082,60.55,63,0,16.11
263,Alofi,NU,2022-02-02 04:52:34,-19.0595,-169.9187,76.89,94,2,4.61
264,Yarke Pole,UA,2022-02-02 04:52:35,45.608,34.3172,36.36,87,100,4.76
265,Provideniya,RU,2022-02-02 04:52:36,64.3833,-173.3,15.91,67,0,33.55
266,Izumo,JP,2022-02-02 04:52:38,35.3667,132.7667,46.29,57,75,19.57
267,Nouadhibou,MR,2022-02-02 04:52:40,20.931,-17.0347,70.7,48,97,13.24
268,Coffs Harbour,AU,2022-02-02 04:52:41,-30.3,153.1333,88.07,92,75,5.75
269,Novo Aripuana,BR,2022-02-02 04:52:43,-5.1206,-60.3797,72.86,99,100,1.43
270,Byron Bay,AU,2022-02-02 04:52:44,-28.65,153.6167,87.91,75,100,0.43
271,Saint-Augustin,CA,2022-02-02 04:52:46,51.226,-58.6502,-20.56,94,12,5.28
272,Boden,SE,2022-02-02 04:52:48,65.8252,21.6886,12.2,94,100,6.35
273,Urdoma,RU,2022-02-02 04:52:49,61.7533,48.5442,25.29,94,100,7.52
274,Kaniama,CD,2022-02-02 04:53:51,-7.5667,24.1833,65.21,97,100,1.43
275,Lamont,US,2022-02-02 04:53:53,35.2597,-118.9143,50.7,66,21,3.22
276,San Jeronimo,PE,2022-02-02 04:53:55,-11.9472,-75.2829,49.69,88,100,2.82
277,Ilheus,BR,2022-02-02 04:51:07,-14.7889,-39.0494,74.88,89,24,3.33
278,The Valley,AI,2022-02-02 04:53:57,18.217,-63.0578,77.83,77,3,11.61
279,Le Port,RE,2022-02-02 04:54:00,-20.9373,55.2919,84.16,86,100,8.7
280,Carnarvon,AU,2022-02-02 04:53:39,-24.8667,113.6333,84.27,70,99,14.97
281,Umm Lajj,SA,2022-02-02 04:54:02,25.0213,37.2685,65.8,25,0,2.75
282,Luau,AO,2022-02-02 04:54:04,-10.7073,22.2247,63.93,97,98,1.95
283,Terrace Bay,CA,2022-02-02 04:54:05,48.7834,-87.1,17.22,80,99,21.32
284,Berezovyy,RU,2022-02-02 04:54:06,51.6667,135.7,8.38,85,93,2.26
285,Mikhaylovka,RU,2022-02-02 04:54:09,50.06,43.2379,33.78,98,100,12.8
286,Meulaboh,ID,2022-02-02 04:54:10,4.1363,96.1285,84.76,64,49,4.43
287,Maldonado,UY,2022-02-02 04:54:14,-34.6667,-54.9167,63.79,68,0,7.2
288,Sapa,PH,2022-02-02 04:54:15,5.1544,120.3241,83.59,68,99,1.79
289,Muravlenko,RU,2022-02-02 04:54:16,63.7898,74.523,-15.92,100,97,6.53
290,San Juan,AR,2022-02-02 04:54:18,-31.5375,-68.5364,73.78,54,100,8.28
291,Namtsy,RU,2022-02-02 04:54:19,62.7161,129.6658,-18.29,93,100,4.29
292,Hasaki,JP,2022-02-02 04:54:21,35.7333,140.8333,52.29,29,0,22.12
293,Durango,MX,2022-02-02 04:52:57,24.8333,-104.8333,49.1,29,1,8.01
294,Coihaique,CL,2022-02-02 04:54:23,-45.5752,-72.0662,57.15,54,0,12.66
295,Aubenas,FR,2022-02-02 04:54:24,44.6201,4.3899,47.46,86,100,7.31
296,Labuhan,ID,2022-02-02 04:54:26,-6.8844,112.2051,86.23,66,25,8.61
297,Akcakoca,TR,2022-02-02 04:54:27,41.0866,31.1162,45.59,78,100,7.65
298,Altay,CN,2022-02-02 04:54:29,47.8667,88.1167,13.86,81,92,0.38
299,Sarangani,PH,2022-02-02 04:54:31,5.4033,125.4636,81.01,77,98,22.55
300,Parvatsar,IN,2022-02-02 04:54:33,26.8833,74.7667,69.53,29,0,7.52
301,Petropavlovsk-Kamchatskiy,RU,2022-02-02 04:54:34,53.0452,158.6483,30.79,100,100,20.13
302,Narrabri,AU,2022-02-02 04:54:35,-30.3167,149.7833,72.3,90,100,4.14
303,San Luis,AR,2022-02-02 04:54:29,-33.295,-66.3356,75.97,40,68,8.61
304,Banjar,ID,2022-02-02 04:54:37,-8.19,114.9675,87.66,63,26,5.32
305,Madimba,TZ,2022-02-02 04:54:38,-10.4,40.3333,78.17,85,68,3.27
306,Kirensk,RU,2022-02-02 04:52:53,57.7853,108.1119,4.98,89,100,5.12
307,Pitimbu,BR,2022-02-02 04:54:41,-7.4706,-34.8086,75.79,75,27,7.7
308,Srednekolymsk,RU,2022-02-02 04:54:43,67.45,153.6833,-7.85,96,100,9.33
309,Upata,VE,2022-02-02 04:54:44,8.0086,-62.3989,72.19,88,6,6.15
310,Warud,IN,2022-02-02 04:54:45,21.4667,78.2667,77.54,31,5,1.54
311,Sabla,NG,2022-02-02 04:54:46,12.7525,4.7077,58.69,17,57,9.42
312,Tortoli,IT,2022-02-02 04:54:48,39.9256,9.6572,48.02,23,0,3.44
313,Camacha,PT,2022-02-02 04:54:49,33.0833,-16.3333,62.53,72,40,18.41
314,Zheleznodorozhnyy,RU,2022-02-02 04:54:50,55.7503,38.0042,26.15,94,100,8.48
315,Yenagoa,NG,2022-02-02 04:54:53,4.9247,6.2642,74.55,83,30,3.44
316,Ola,RU,2022-02-02 04:54:53,59.5833,151.2833,8.92,77,99,12.64
317,Mulege,MX,2022-02-02 04:54:55,26.8833,-111.9833,64.69,52,82,4.52
318,Buraydah,SA,2022-02-02 04:54:57,26.326,43.975,43.25,56,0,7.2
319,Comodoro Rivadavia,AR,2022-02-02 04:55:38,-45.8667,-67.5,60.66,72,0,13.8
320,Saquarema,BR,2022-02-02 04:55:59,-22.92,-42.5103,74.91,89,99,4.54
321,Evensk,RU,2022-02-02 04:56:00,61.95,159.2333,20.62,74,100,21.85
322,Lagoa,PT,2022-02-02 04:51:26,39.05,-27.9833,58.77,68,9,13.6
323,Nalut,LY,2022-02-02 04:56:03,30.3333,10.85,39.56,78,46,11.7
324,Malur,IN,2022-02-02 04:56:04,13.0075,77.9378,81.0,52,13,6.2
325,Lata,PT,2022-02-02 04:56:09,40.1629,-8.3327,52.81,79,0,4.7
326,Darhan,MN,2022-02-02 04:56:11,49.4867,105.9228,-0.38,82,29,3.87
327,Namibe,AO,2022-02-02 04:56:13,-15.1961,12.1522,71.06,68,100,8.57
328,Fonte Boa,BR,2022-02-02 04:56:14,-2.4959,-66.2662,72.93,98,99,3.13
329,Fairbanks,US,2022-02-02 04:54:52,64.8378,-147.7164,-10.39,71,0,0.0
330,Riberalta,BO,2022-02-02 04:56:16,-10.9833,-66.1,72.52,99,100,2.59
331,Kukushtan,RU,2022-02-02 04:56:18,57.6464,56.4952,28.02,95,100,9.24
332,Leningradskiy,RU,2022-02-02 04:56:20,69.3833,178.4167,-13.09,96,39,10.07
333,Rio Grande,BR,2022-02-02 04:56:21,-32.035,-52.0986,68.61,72,0,10.47
334,Bow Island,CA,2022-02-02 04:56:22,49.8668,-111.3684,1.58,84,100,0.0
335,Flinders,AU,2022-02-02 04:56:24,-34.5833,150.8552,70.21,75,100,10.27
336,Ampanihy,MG,2022-02-02 04:56:25,-24.7,44.75,79.43,47,0,8.16
337,Narsaq,GL,2022-02-02 04:56:27,60.9167,-46.05,-9.87,79,12,5.14
338,Severo-Kurilsk,RU,2022-02-02 04:55:17,50.6789,156.125,30.85,76,100,7.7
339,Twentynine Palms,US,2022-02-02 04:56:29,34.1356,-116.0542,52.95,23,32,3.0
340,Taungdwingyi,MM,2022-02-02 04:56:31,20.0167,95.55,79.18,25,5,4.07
341,Roebourne,AU,2022-02-02 04:56:33,-20.7833,117.1333,90.73,58,89,13.31
342,Beyneu,KZ,2022-02-02 04:56:34,45.3167,55.2,34.56,81,4,8.68
343,Vieux Fort,LC,2022-02-02 04:56:35,13.7167,-60.95,78.12,83,20,17.27
344,Zhanaozen,KZ,2022-02-02 04:56:37,43.3,52.8,37.13,72,39,7.25
345,Ulukulevo,RU,2022-02-02 04:56:39,54.4355,56.3221,28.65,84,86,14.25
346,Laguna,US,2022-02-02 04:56:40,38.421,-121.4238,56.34,37,0,5.99
347,Sorland,NO,2022-02-02 04:52:27,67.667,12.6934,26.67,60,100,13.22
348,General Roca,AR,2022-02-02 04:56:42,-39.0333,-67.5833,79.63,31,16,18.79
349,Isla Mujeres,MX,2022-02-02 04:56:44,21.2311,-86.731,75.16,70,38,12.17
350,Sabinas Hidalgo,MX,2022-02-02 04:56:45,26.5,-100.1667,62.53,64,0,5.46
351,Tura,IN,2022-02-02 04:56:47,25.5198,90.2201,69.03,41,0,3.09
352,Ust-Kulom,RU,2022-02-02 04:56:48,61.6864,53.6902,24.3,96,100,6.26
353,Peniche,PT,2022-02-02 04:56:49,39.3558,-9.3811,53.62,72,0,12.35
354,Zhigansk,RU,2022-02-02 04:56:51,66.7697,123.3711,-22.68,97,89,7.92
355,At-Bashi,KG,2022-02-02 04:56:52,41.1702,75.8106,10.4,66,48,1.23
356,Axim,GH,2022-02-02 04:56:53,4.8699,-2.2405,77.49,85,94,2.66
357,Rio Gallegos,AR,2022-02-02 04:56:54,-51.6226,-69.2181,50.05,53,0,20.71
358,Hingoli,IN,2022-02-02 04:56:55,19.7167,77.15,77.86,24,5,3.24
359,Hovd,MN,2022-02-02 04:56:55,48.0056,91.6419,-2.06,84,100,3.2
360,Takoradi,GH,2022-02-02 04:56:56,4.8845,-1.7554,77.09,88,97,4.65
361,Talcahuano,CL,2022-02-02 04:56:57,-36.7167,-73.1167,58.68,88,100,10.36
362,Shaygino,RU,2022-02-02 04:56:58,57.7675,46.8618,21.42,95,96,8.08
363,Broome,US,2022-02-02 04:56:58,42.2506,-75.833,31.01,73,89,4.0
364,Poum,NC,2022-02-02 04:56:59,-20.2333,164.0167,81.07,73,52,14.5
365,Nisia Floresta,BR,2022-02-02 04:53:08,-6.0911,-35.2086,79.18,85,34,4.85
366,Alta Floresta,BR,2022-02-02 04:58:02,-9.8756,-56.0861,69.89,93,71,1.43
367,Katsuura,JP,2022-02-02 04:58:03,35.1333,140.3,50.14,33,2,8.01
368,West Odessa,US,2022-02-02 04:58:05,31.8424,-102.4988,53.69,35,100,10.2
369,Beihai,CN,2022-02-02 04:58:07,21.4833,109.1,53.01,90,100,19.8
370,Ippy,CF,2022-02-02 04:58:07,6.2679,21.2247,73.92,23,97,5.39
371,Grants,US,2022-02-02 04:58:09,35.1473,-107.8514,35.83,64,100,0.0
372,Yulara,AU,2022-02-02 04:58:10,-25.2406,130.9889,69.64,100,100,13.8
373,Acapulco,MX,2022-02-02 04:54:24,16.8634,-99.8901,75.15,75,14,5.99
374,Zambezi,ZM,2022-02-02 04:56:12,-13.5432,23.1047,64.8,93,98,2.98
375,Sosva,RU,2022-02-02 04:58:15,59.1766,61.8558,23.4,95,100,7.47
376,Half Moon Bay,US,2022-02-02 04:58:07,37.4636,-122.4286,58.24,30,0,16.11
377,Bathsheba,BB,2022-02-02 04:58:18,13.2167,-59.5167,77.61,83,40,13.8
378,Igarape,BR,2022-02-02 04:53:47,-20.0703,-44.3017,67.8,99,100,3.36
379,Phan Thiet,VN,2022-02-02 04:58:21,10.9333,108.1,89.15,47,65,13.51
380,Sarahan,IN,2022-02-02 04:58:23,31.5167,77.8,45.18,33,99,3.74
381,Analipsis,GR,2022-02-02 04:58:24,35.3167,25.5667,60.12,72,57,14.18
382,Atar,MR,2022-02-02 04:57:10,20.5169,-13.0499,71.98,15,70,11.97
383,Fulton,US,2022-02-02 04:58:26,33.7668,-84.4499,50.07,62,24,1.01
384,Okolona,US,2022-02-02 04:58:28,38.1412,-85.6877,52.75,39,100,4.0
385,Marstal,DK,2022-02-02 04:58:29,54.8562,10.5173,42.71,75,55,34.31
386,Eirunepe,BR,2022-02-02 04:58:30,-6.6603,-69.8736,72.52,97,81,1.97
387,Kalabo,ZM,2022-02-02 04:58:31,-14.97,22.6814,64.38,82,94,3.0
388,Sola,VU,2022-02-02 04:58:32,-13.8833,167.55,80.98,76,100,14.27
389,Bende,NG,2022-02-02 04:58:34,5.5572,7.6368,70.02,88,22,0.74
390,Ushtobe,KZ,2022-02-02 04:58:35,45.2514,77.9838,22.35,71,65,12.64
391,Tautira,PF,2022-02-02 04:58:37,-17.7333,-149.15,84.22,76,19,18.81
392,Nemuro,JP,2022-02-02 04:58:39,43.3236,145.575,28.83,64,50,19.51
393,Cap Malheureux,MU,2022-02-02 04:58:40,-19.9842,57.6142,82.89,81,100,15.99
394,Ibitinga,BR,2022-02-02 04:58:41,-21.7578,-48.8289,68.83,96,100,3.87
395,Yinchuan,CN,2022-02-02 04:58:42,38.4681,106.2731,25.56,15,34,1.54
396,Ayr,GB,2022-02-02 04:58:42,55.4627,-4.6339,48.18,100,75,10.36
397,Anadyr,RU,2022-02-02 04:58:43,64.75,177.4833,14.5,62,0,17.9
398,Sakaraha,MG,2022-02-02 04:58:45,-22.9,44.5333,79.03,49,0,6.29
399,Salinopolis,BR,2022-02-02 04:58:46,-0.6136,-47.3561,78.64,85,94,10.65
400,Nagram,IN,2022-02-02 04:58:46,26.6167,81.1333,64.98,48,0,2.89
401,Hirara,JP,2022-02-02 04:58:47,24.8,125.2833,71.87,78,75,6.91
402,Nuuk,GL,2022-02-02 04:58:48,64.1835,-51.7216,4.89,94,100,3.87
403,Arraial Do Cabo,BR,2022-02-02 04:56:24,-22.9661,-42.0278,75.51,87,91,7.18
404,Nalchiti,BD,2022-02-02 04:58:50,22.6333,90.2833,78.3,42,1,2.89
405,Muroto,JP,2022-02-02 04:58:52,33.2833,134.15,50.04,44,80,11.54
406,Bakaly,RU,2022-02-02 04:58:53,55.1789,53.8028,25.57,91,96,14.94
407,Moose Factory,CA,2022-02-02 04:58:54,51.2585,-80.6094,33.8,80,100,24.16
408,Colinas,BR,2022-02-02 04:58:54,-6.0258,-44.2492,71.4,80,21,3.04
409,Hvide Sande,DK,2022-02-02 04:58:55,56.0045,8.1294,42.01,76,73,37.74
410,Chapais,CA,2022-02-02 04:58:57,49.7834,-74.8492,22.78,88,100,17.18
411,Armidale,AU,2022-02-02 04:58:59,-30.5167,151.65,70.81,95,100,2.59
412,Vestmannaeyjar,IS,2022-02-02 04:59:00,63.4427,-20.2734,37.78,76,100,12.95
413,Santa Cruz,BO,2022-02-02 04:55:55,-17.8,-63.1667,76.46,83,75,8.05
414,Dagestanskiye Ogni,RU,2022-02-02 05:00:29,42.1159,48.192,39.43,80,39,5.08
415,Quatre Cocos,MU,2022-02-02 05:00:33,-20.2078,57.7625,82.09,86,100,33.2
416,Pahrump,US,2022-02-02 05:00:42,36.2083,-115.9839,47.61,14,0,5.01
417,Troitskoye,RU,2022-02-02 05:00:47,52.9821,84.6757,10.99,96,100,2.91
418,Krasnoyarsk,RU,2022-02-02 05:00:32,56.0097,92.7917,-1.8,76,100,1.92
419,Kachug,RU,2022-02-02 05:00:53,53.9606,105.8817,-0.44,91,99,0.67
420,Puerto Carreno,CO,2022-02-02 04:56:25,6.189,-67.4859,80.17,57,82,7.81
421,Bella Union,UY,2022-02-02 05:00:58,-30.2752,-57.6007,76.84,48,0,9.1
422,Dunda,TZ,2022-02-02 05:01:01,-8.1167,34.25,64.9,95,87,1.3
423,Vardo,NO,2022-02-02 05:01:03,70.3705,31.1107,17.8,61,100,16.8
424,Kroonstad,ZA,2022-02-02 05:01:05,-27.6504,27.2349,65.46,50,79,4.79
425,Yaan,NG,2022-02-02 05:01:06,7.3833,8.5667,71.46,20,26,6.26
426,Porto Velho,BR,2022-02-02 05:01:08,-8.7619,-63.9039,73.45,94,75,3.44
427,Wanning,CN,2022-02-02 05:01:10,18.8003,110.3967,75.88,77,58,7.14
428,Sistranda,NO,2022-02-02 05:01:11,63.7256,8.834,22.89,70,100,3.18
429,Bouillante,GP,2022-02-02 05:01:12,16.1304,-61.7692,70.83,84,1,6.4
430,Zeya,RU,2022-02-02 05:01:14,53.75,127.2667,6.64,51,36,6.02
431,Guasdualito,VE,2022-02-02 05:01:16,7.2424,-70.7324,71.6,83,80,2.3
432,Terra Rica,BR,2022-02-02 05:01:18,-22.7094,-52.6169,69.84,95,100,5.03
433,Edd,ER,2022-02-02 05:01:20,13.9297,41.6925,77.11,75,81,1.3
434,Progreso,MX,2022-02-02 05:01:20,21.2833,-89.6667,73.11,75,39,10.98
435,Lardos,GR,2022-02-02 05:01:21,36.0942,28.0157,58.82,72,100,22.82
436,Alice Springs,AU,2022-02-02 04:56:59,-23.7,133.8833,69.35,100,100,12.66
437,Khandyga,RU,2022-02-02 05:01:08,62.6667,135.6,-20.96,92,100,1.68
438,Sheregesh,RU,2022-02-02 05:01:23,52.9209,87.9869,16.03,88,93,2.08
439,Marfino,RU,2022-02-02 05:01:24,55.7028,37.3822,25.88,86,0,8.95
440,Samarai,PG,2022-02-02 05:01:25,-10.6167,150.6667,84.15,72,100,10.83
441,Pathein,MM,2022-02-02 05:01:26,16.7833,94.7333,84.07,27,63,6.78
442,Komsomolskiy,UZ,2022-02-02 04:57:36,40.4272,71.7189,36.32,64,100,2.3
443,Port Hardy,CA,2022-02-02 05:01:28,50.6996,-127.4199,38.75,80,82,0.6
444,Bonavista,CA,2022-02-02 05:01:29,48.6499,-53.1147,18.12,79,100,21.23
445,Pundaguitan,PH,2022-02-02 05:01:30,6.3711,126.1689,80.22,77,84,16.02
446,Maniitsoq,GL,2022-02-02 05:01:24,65.4167,-52.9,6.51,84,100,6.73
447,Kangaatsiaq,GL,2022-02-02 05:01:32,68.3065,-53.4641,4.93,79,100,7.76
448,Fredericia,DK,2022-02-02 05:01:33,55.5657,9.7526,42.69,72,46,34.96
449,Atambua,ID,2022-02-02 05:01:34,-9.1061,124.8925,82.06,64,51,8.25
450,Hukuntsi,BW,2022-02-02 05:01:36,-24.0,21.75,69.98,78,20,13.35
451,Goumeron,GR,2022-02-02 05:01:37,37.7667,21.6167,43.84,92,94,6.13
452,Lasa,IT,2022-02-02 05:01:38,46.6166,10.7002,41.74,95,100,8.63
453,Honningsvag,NO,2022-02-02 05:01:39,70.9821,25.9704,20.95,73,0,13.8
454,Arman,RU,2022-02-02 05:01:40,59.7,150.1667,7.09,77,98,13.69
455,San Juan Del Sur,NI,2022-02-02 05:01:42,11.2529,-85.8705,75.24,79,2,17.94
456,Sarrebourg,FR,2022-02-02 05:01:43,48.7333,7.05,47.77,95,100,14.58
457,Chatra,IN,2022-02-02 05:01:43,24.2167,84.8667,71.89,34,0,6.11
458,Kanniyakumari,IN,2022-02-02 05:01:44,8.0833,77.5667,81.88,64,5,16.46
459,Bela Vista,BR,2022-02-02 05:01:45,-22.1089,-56.5211,75.96,79,79,6.51
460,Sakaiminato,JP,2022-02-02 05:01:46,35.55,133.2333,45.77,50,69,21.03
461,Uto,JP,2022-02-02 05:02:47,32.6833,130.6667,49.05,45,100,0.47
462,Suwannaphum,TH,2022-02-02 05:02:48,15.6035,103.8021,83.82,47,4,6.15
463,Belomorsk,RU,2022-02-02 05:02:49,64.5232,34.7668,12.76,96,100,5.41
464,Yerbogachen,RU,2022-02-02 05:02:51,61.2767,108.0108,-8.99,94,72,1.34
465,Nanortalik,GL,2022-02-02 05:01:03,60.1432,-45.2371,4.91,69,25,16.06
466,Ellisras,ZA,2022-02-02 04:58:39,-23.6649,27.7443,70.92,72,0,5.44
467,Kununurra,AU,2022-02-02 05:02:55,-15.7667,128.7333,91.38,55,40,13.8
468,Usogorsk,RU,2022-02-02 05:02:57,63.4106,48.6872,18.57,96,100,5.37
469,Karratha,AU,2022-02-02 05:02:58,-20.7377,116.8463,89.62,61,100,13.76
470,Aktas,KZ,2022-02-02 05:02:59,49.7789,72.9608,1.15,84,100,6.67
471,Tilichiki,RU,2022-02-02 05:03:01,60.4667,166.1,13.78,89,100,9.57
472,Hervey Bay,AU,2022-02-02 05:03:03,-25.2986,152.8535,84.04,77,85,15.14
473,Mount Isa,AU,2022-02-02 05:01:16,-20.7333,139.5,94.77,43,40,10.36
474,Vila Franca Do Campo,PT,2022-02-02 05:02:36,37.7167,-25.4333,57.2,81,92,10.38
475,Woodstock,CA,2022-02-02 05:01:24,43.1334,-80.7497,39.94,67,100,18.01
476,Kalaleh,IR,2022-02-02 05:03:11,37.3807,55.4916,51.62,33,0,5.75
477,Nicolas Bravo,MX,2022-02-02 05:03:13,18.45,-88.9167,65.64,98,7,2.44
478,Tupik,RU,2022-02-02 05:03:14,54.4253,119.9327,-1.53,78,78,4.47
479,Grand Gaube,MU,2022-02-02 04:58:52,-20.0064,57.6608,82.8,81,100,15.99
480,Hofn,IS,2022-02-02 04:59:43,64.2539,-15.2082,26.92,75,43,9.1
481,Itoman,JP,2022-02-02 05:03:17,26.1247,127.6694,66.4,96,75,6.91
482,Husavik,IS,2022-02-02 05:02:27,66.0449,-17.3389,12.94,81,87,9.15
483,Garissa,KE,2022-02-02 05:03:21,-0.4536,39.6401,78.4,74,100,6.42
484,Baker City,US,2022-02-02 05:03:23,44.7749,-117.8344,24.58,94,100,4.61
485,Yumen,CN,2022-02-02 05:03:20,40.2833,97.2,26.4,24,9,9.89
486,Aksarka,RU,2022-02-02 05:03:26,66.5606,67.7975,-19.73,100,93,6.06
487,Mpongwe,ZM,2022-02-02 05:03:27,-13.5091,28.155,63.21,97,87,3.42
488,Seydi,TM,2022-02-02 05:03:29,39.4816,62.9137,46.53,55,100,5.21
489,Kindu,CD,2022-02-02 05:03:31,-2.95,25.95,70.61,88,100,1.83
490,Vulcan,RO,2022-02-02 05:03:32,45.3833,23.2667,16.45,91,80,3.87
491,Jiuquan,CN,2022-02-02 05:02:10,39.7432,98.5174,28.87,22,1,8.05
492,Sheffield,GB,2022-02-02 05:02:00,53.383,-1.4659,51.1,89,100,7.0
493,Whitianga,NZ,2022-02-02 05:03:35,-36.8333,175.7,69.84,85,100,11.59
494,Olafsvik,IS,2022-02-02 05:03:37,64.8945,-23.7142,34.45,63,100,11.36
495,Esperance,AU,2022-02-02 05:03:38,-33.8667,121.9,72.1,48,13,23.8
496,High Rock,BS,2022-02-02 05:03:41,26.6208,-78.2833,60.82,59,100,18.95
497,Pangai,TO,2022-02-02 05:03:44,-19.8,-174.35,81.14,67,10,9.44
498,Oriximina,BR,2022-02-02 05:03:45,-1.7656,-55.8661,72.93,97,66,3.13
499,Sao Gabriel Da Cachoeira,BR,2022-02-02 05:01:06,-0.1303,-67.0892,73.31,90,27,1.05
500,Ribeira Brava,PT,2022-02-02 05:03:47,32.65,-17.0667,66.7,61,100,11.1
501,Yendi,GH,2022-02-02 05:03:48,9.4427,-0.0099,69.44,14,36,7.25
502,Kardla,EE,2022-02-02 05:03:50,58.9978,22.7492,22.98,86,75,2.3
503,Zhob,PK,2022-02-02 05:03:52,31.3411,69.4481,53.71,34,15,7.29
504,Fershampenuaz,RU,2022-02-02 05:03:54,53.5202,59.8117,22.71,94,100,13.29
505,Tecuala,MX,2022-02-02 05:04:56,22.3986,-105.4569,59.5,70,0,3.18
506,Conceicao Da Barra,BR,2022-02-02 05:04:58,-18.5933,-39.7322,75.25,92,80,5.03
507,Mayo,US,2022-02-02 05:03:54,38.8876,-76.5119,34.25,89,0,0.0
508,Borkenes,NO,2022-02-02 05:05:00,68.774,16.1739,24.4,100,97,8.61
509,Mzimba,MW,2022-02-02 05:05:02,-11.9,33.6,65.1,91,78,4.72
510,Lorengau,PG,2022-02-02 05:02:25,-2.0226,147.2712,76.96,87,100,5.59
511,Atherton,GB,2022-02-02 05:05:03,53.5237,-2.4935,50.76,90,100,7.0
512,Manaus,BR,2022-02-02 05:05:04,-3.1019,-60.025,79.29,83,0,3.44
513,Nome,US,2022-02-02 05:02:18,64.5011,-165.4064,16.16,63,0,17.72
514,Broken Hill,AU,2022-02-02 05:05:06,-31.95,141.4333,74.12,21,98,19.6
515,Zhaodong,CN,2022-02-02 05:05:07,46.0833,125.9833,6.19,78,50,7.99
516,Ahmadpur Sial,PK,2022-02-02 05:05:08,30.6754,71.7483,60.67,24,20,7.11
517,Harper,LR,2022-02-02 05:05:09,4.375,-7.7169,77.72,82,100,3.53
518,Bonnyville,CA,2022-02-02 05:05:11,54.2668,-110.735,-14.66,94,90,7.47
519,Sao Joao Da Barra,BR,2022-02-02 05:05:09,-21.6403,-41.0511,72.12,97,100,4.14
520,General Pico,AR,2022-02-02 05:05:15,-35.6566,-63.7568,71.35,67,52,8.68
521,Iralaya,HN,2022-02-02 05:05:17,15.0,-83.2333,74.95,84,1,5.95
522,Bistra,RO,2022-02-02 05:05:19,46.3833,23.1,25.29,97,95,3.15
523,Lakes Entrance,AU,2022-02-02 05:05:20,-37.8811,147.981,65.57,53,77,13.47
524,Vung Tau,VN,2022-02-02 05:05:21,10.346,107.0843,83.59,63,35,15.35
525,Nicoya,CR,2022-02-02 05:05:23,10.1483,-85.452,71.15,84,11,1.68
526,Tukrah,LY,2022-02-02 05:05:25,32.5341,20.5791,53.11,69,33,22.62
527,Russell,US,2022-02-02 05:05:26,32.3502,-85.1999,54.63,57,95,9.6
528,Emba,KZ,2022-02-02 05:05:27,48.8264,58.1442,18.59,89,100,4.94
529,Biloela,AU,2022-02-02 05:05:29,-24.4167,150.5,93.07,41,98,3.44
530,Hobyo,SO,2022-02-02 05:05:31,5.3505,48.5268,79.0,72,94,19.22
531,Bodden Town,KY,2022-02-02 05:05:32,19.2833,-81.25,75.0,80,10,3.0
532,Hay River,CA,2022-02-02 05:01:24,60.8156,-115.7999,-25.96,99,33,5.82
533,Assai,BR,2022-02-02 05:05:34,-23.3733,-50.8414,71.46,97,100,3.38
534,Chiscas,CO,2022-02-02 05:05:35,6.5524,-72.4998,54.59,91,81,0.96
535,Houston,US,2022-02-02 05:04:57,29.7633,-95.3633,60.35,86,20,3.0
536,Malyn,UA,2022-02-02 05:05:37,50.7723,29.2383,22.91,89,58,8.48
537,Vilyuysk,RU,2022-02-02 05:05:38,63.7553,121.6247,-17.93,94,99,6.93
538,Hun,LY,2022-02-02 05:05:39,29.1268,15.9477,43.97,66,76,9.66
539,Kalachinsk,RU,2022-02-02 05:05:41,55.0529,74.5751,6.13,100,100,4.5
540,Kingsville,US,2022-02-02 05:05:43,27.5159,-97.8561,62.82,98,20,1.99
541,Caohe,CN,2022-02-02 05:05:44,30.2297,115.4335,38.03,96,100,3.62
542,Raudeberg,NO,2022-02-02 05:05:45,61.9875,5.1352,32.95,81,97,4.0
543,Trelew,AR,2022-02-02 05:05:47,-43.249,-65.3051,74.32,28,25,13.76
544,Tekkali,IN,2022-02-02 05:05:50,18.6167,84.2333,79.21,52,3,3.62
545,Barentu,ER,2022-02-02 05:05:51,15.1139,37.5928,65.41,63,13,3.96
546,Myingyan,MM,2022-02-02 05:05:53,21.4667,95.3833,80.85,35,1,6.91
547,Roald,NO,2022-02-02 05:05:55,62.5833,6.1333,36.34,75,75,13.8
548,Miracema Do Tocantins,BR,2022-02-02 05:05:56,-9.5618,-48.3967,72.27,93,22,1.32
549,Nichinan,JP,2022-02-02 05:05:57,31.6,131.3667,50.27,41,99,3.85
550,Shentala,RU,2022-02-02 05:05:59,54.45,51.4833,23.07,87,100,14.81
551,Katunino,RU,2022-02-02 05:06:01,64.3862,40.6298,10.29,96,98,4.59
552,Batagay,RU,2022-02-02 05:07:04,67.6333,134.6333,-17.61,98,100,1.05
553,Ouadda,CF,2022-02-02 05:07:05,8.0777,22.4007,60.84,30,40,3.94
554,San Cristobal,VE,2022-02-02 05:07:07,7.7669,-72.225,66.38,62,82,1.79
555,Ketchikan,US,2022-02-02 05:07:08,55.3422,-131.6461,31.98,80,100,9.22
556,Marzuq,YE,2022-02-02 05:07:09,14.4,46.4667,68.13,51,89,3.04
557,Pak Phanang,TH,2022-02-02 05:07:11,8.3511,100.202,84.2,65,61,6.55
558,Dukat,RU,2022-02-02 05:07:14,62.55,155.55,-12.95,98,96,3.98
559,Terracina,IT,2022-02-02 05:07:15,41.2863,13.2217,44.35,56,0,3.69
560,San Pedro,PH,2022-02-02 05:07:16,14.35,121.0167,87.31,57,60,15.5
561,Araouane,ML,2022-02-02 05:07:17,18.9048,-3.5265,63.03,21,51,12.91
562,Nantucket,US,2022-02-02 05:07:18,41.2835,-70.0995,37.96,78,40,6.91
563,Jamsa,FI,2022-02-02 05:07:19,61.8642,25.19,16.48,97,99,2.28
564,Baturaja,ID,2022-02-02 05:07:20,-4.1333,104.1667,75.0,95,100,0.87
565,Catamarca,AR,2022-02-02 05:07:21,-28.4696,-65.7852,80.64,47,100,1.07
