City_ID,City,Country,Date,Lat,Lng,Max Temp,Humidity,Cloudiness,Wind Speed
0,Bluff,NZ,2022-02-02 14:07:48,-46.6,168.3333,57.47,90,100,18.32
1,Jiangyou,CN,2022-02-02 14:06:02,31.7667,104.7167,41.52,78,100,0.76
2,Zarubino,RU,2022-02-02 14:07:48,42.63,131.0922,16.25,57,7,22.39
3,Punta Arenas,CL,2022-02-02 14:03:53,-53.15,-70.9167,50.11,66,75,8.05
4,Mataura,NZ,2022-02-02 14:06:01,-46.1927,168.8643,58.98,99,100,5.01
5,Lavrentiya,RU,2022-02-02 14:07:49,65.5833,-171.0,-2.58,82,1,15.3
6,Washington,US,2022-02-02 14:04:23,47.5001,-120.5015,25.84,78,100,1.12
7,Rikitea,PF,2022-02-02 14:07:49,-23.1203,-134.9692,77.49,71,49,6.64
8,Taoudenni,ML,2022-02-02 14:07:50,22.6783,-3.9836,79.57,9,3,17.47
9,Kondinskoye,RU,2022-02-02 14:07:50,59.6481,67.41,24.31,95,100,13.24
10,Vaini,TO,2022-02-02 14:07:50,-21.2,-175.2,77.16,88,20,3.44
11,Gigmoto,PH,2022-02-02 14:07:51,13.7796,124.39,77.23,90,100,10.78
12,Chuy,UY,2022-02-02 14:07:51,-33.6971,-53.4616,79.93,50,0,6.76
13,New Norfolk,AU,2022-02-02 14:07:18,-42.7826,147.0587,56.71,60,98,3.06
14,Falefa,WS,2022-02-02 14:07:52,-13.887,-171.588,79.65,80,100,14.0
15,Busselton,AU,2022-02-02 14:07:52,-33.65,115.3333,78.04,33,99,13.2
16,Ilulissat,GL,2022-02-02 14:07:52,69.2167,-51.1,3.22,78,75,24.16
17,Tema,GH,2022-02-02 14:07:53,5.667,-0.0166,89.38,44,0,10.67
18,Aklavik,CA,2022-02-02 14:07:53,68.2191,-135.0107,-33.88,100,54,5.08
19,Verkhnevilyuysk,RU,2022-02-02 14:07:53,63.4453,120.3167,-20.0,98,97,5.64
20,Namtsy,RU,2022-02-02 14:07:54,62.7161,129.6658,-25.49,99,100,1.1
21,Fortuna,US,2022-02-02 14:06:35,40.5982,-124.1573,40.98,84,0,9.22
22,North Myrtle Beach,US,2022-02-02 14:07:54,33.816,-78.68,45.1,84,0,8.05
23,Ushuaia,AR,2022-02-02 14:07:55,-54.8,-68.3,47.82,80,99,3.18
24,Cidreira,BR,2022-02-02 14:07:55,-30.1811,-50.2056,79.3,71,4,11.99
25,Arlit,NE,2022-02-02 14:07:55,18.7369,7.3853,81.84,7,3,10.25
26,Ribeira Grande,PT,2022-02-02 14:07:56,38.5167,-28.7,64.8,63,20,8.05
27,Nome,US,2022-02-02 14:07:56,64.5011,-165.4064,14.07,57,0,35.68
28,Yinchuan,CN,2022-02-02 14:07:56,38.4681,106.2731,22.69,19,0,6.13
29,Chokurdakh,RU,2022-02-02 14:06:34,70.6333,147.9167,-12.28,98,100,7.14
30,Brest,BY,2022-02-02 14:07:57,52.1,23.7,35.56,100,100,8.95
31,Hambantota,LK,2022-02-02 14:07:57,6.1241,81.1185,79.14,83,40,6.91
32,East London,ZA,2022-02-02 14:07:57,-33.0153,27.9116,85.14,79,0,5.75
33,Vila Franca Do Campo,PT,2022-02-02 14:07:58,37.7167,-25.4333,64.2,68,31,9.33
34,Namibe,AO,2022-02-02 14:07:58,-15.1961,12.1522,79.0,56,97,15.55
35,Qaqortoq,GL,2022-02-02 14:07:59,60.7167,-46.0333,-0.69,77,6,5.75
36,Dunedin,NZ,2022-02-02 14:07:59,-45.8742,170.5036,61.74,98,100,2.86
37,Dwarka,IN,2022-02-02 14:07:59,22.2394,68.9678,73.92,74,2,12.1
38,Konongo,GH,2022-02-02 14:08:00,6.6167,-1.2167,100.02,8,2,1.99
39,Termoli,IT,2022-02-02 14:08:00,41.9888,14.9895,56.57,45,0,8.25
40,Ambon,ID,2022-02-02 14:06:59,-3.6954,128.1814,78.94,89,20,2.3
41,Hilo,US,2022-02-02 14:06:09,19.7297,-155.09,67.8,75,40,8.05
42,Angoche,MZ,2022-02-02 14:08:01,-16.2325,39.9086,83.53,69,34,8.3
43,Te Anau,NZ,2022-02-02 14:08:01,-45.4167,167.7167,62.28,97,100,3.38
44,Mahibadhoo,MV,2022-02-02 14:08:01,3.7833,72.9667,82.33,73,9,12.95
45,Ocampo,MX,2022-02-02 14:08:02,21.65,-101.5,46.09,47,0,7.61
46,Harper,LR,2022-02-02 14:09:02,4.375,-7.7169,84.94,63,46,9.93
47,Albany,US,2022-02-02 14:05:26,42.6001,-73.9662,37.31,78,100,1.99
48,Upernavik,GL,2022-02-02 14:08:11,72.7868,-56.1549,-8.75,64,100,6.04
49,Castro,BR,2022-02-02 14:09:03,-24.7911,-50.0119,73.24,71,87,5.55
50,Sao Mateus,BR,2022-02-02 14:04:31,-18.7161,-39.8589,83.68,68,100,2.59
51,Hermanus,ZA,2022-02-02 14:06:02,-34.4187,19.2345,79.81,70,28,24.58
52,Souillac,MU,2022-02-02 14:06:45,-20.5167,57.5167,80.37,88,100,36.33
53,Cape Town,ZA,2022-02-02 14:06:00,-33.9258,18.4232,70.27,87,100,5.01
54,May Pen,JM,2022-02-02 14:09:04,17.9645,-77.2451,75.2,71,1,4.7
55,Yangshe,CN,2022-02-02 14:09:04,31.8899,120.6052,41.02,95,100,1.99
56,Urucara,BR,2022-02-02 14:09:05,-2.5364,-57.76,76.96,95,89,3.96
57,Mahasamund,IN,2022-02-02 14:09:05,21.1,82.1,73.67,29,3,1.01
58,Swellendam,ZA,2022-02-02 14:09:05,-34.0226,20.4417,89.4,44,96,2.8
59,Grand Gaube,MU,2022-02-02 14:08:30,-20.0064,57.6608,80.38,84,100,18.99
60,Puerto Madryn,AR,2022-02-02 14:09:06,-42.7692,-65.0385,76.73,28,49,13.35
61,Isetskoye,RU,2022-02-02 14:09:06,56.4858,65.3226,24.67,92,100,11.63
62,Losone,CH,2022-02-02 14:09:06,46.1687,8.7593,65.95,54,20,13.8
63,Maneadero,MX,2022-02-02 14:09:07,31.7167,-116.5667,50.13,79,1,4.54
64,Kapaa,US,2022-02-02 14:09:07,22.0752,-159.319,70.12,72,40,1.01
65,Fort Nelson,CA,2022-02-02 14:09:08,58.8053,-122.7002,-12.71,97,100,1.95
66,Kassala,SD,2022-02-02 14:09:08,15.451,36.4,92.48,19,34,12.06
67,Avarua,CK,2022-02-02 14:06:16,-21.2078,-159.775,77.05,94,75,12.66
68,Bethel,US,2022-02-02 14:09:08,41.3712,-73.414,37.47,81,100,0.0
69,Jamestown,US,2022-02-02 14:06:34,42.097,-79.2353,40.59,50,100,1.99
70,Lebu,CL,2022-02-02 14:09:09,-37.6167,-73.65,63.97,73,34,4.85
71,Meulaboh,ID,2022-02-02 14:07:18,4.1363,96.1285,79.84,74,100,1.36
72,Okha,RU,2022-02-02 14:09:09,53.5739,142.9478,0.21,93,100,24.72
73,Sur,OM,2022-02-02 14:05:36,22.5667,59.5289,73.92,64,0,22.1
74,Quesnel,CA,2022-02-02 14:09:10,52.9999,-122.5029,1.9,78,100,6.91
75,Zhigansk,RU,2022-02-02 14:09:10,66.7697,123.3711,-14.35,97,100,4.16
76,Merauke,ID,2022-02-02 14:09:10,-8.4667,140.3333,75.97,85,100,4.36
77,Pingliang,CN,2022-02-02 14:09:11,35.5392,106.6861,13.73,93,35,4.79
78,Garden City,US,2022-02-02 14:04:14,42.3256,-83.331,36.9,94,100,1.01
79,Saint-Philippe,RE,2022-02-02 14:05:55,-21.3585,55.7679,81.95,94,100,29.51
80,Tasiilaq,GL,2022-02-02 14:09:12,65.6145,-37.6368,14.16,79,100,5.14
81,Semenivka,UA,2022-02-02 14:09:12,52.1783,32.5818,24.12,89,100,9.13
82,Thompson,CA,2022-02-02 14:09:12,55.7435,-97.8558,-23.82,89,70,10.58
83,Sayyan,YE,2022-02-02 14:09:13,15.1718,44.3244,64.06,27,26,15.7
84,Bam,IR,2022-02-02 14:09:13,29.106,58.357,52.43,41,0,9.35
85,San Cristobal,VE,2022-02-02 14:09:13,7.7669,-72.225,80.13,33,1,8.1
86,Quatre Cocos,MU,2022-02-02 14:07:55,-20.2078,57.7625,80.1,89,100,39.3
87,Tura,IN,2022-02-02 14:09:14,25.5198,90.2201,56.59,63,0,3.8
88,Nikolskoye,RU,2022-02-02 14:09:14,59.7035,30.7861,22.89,98,97,1.95
89,Mahebourg,MU,2022-02-02 14:06:39,-20.4081,57.7,80.26,87,100,38.74
90,Payakumbuh,ID,2022-02-02 14:09:15,-0.2202,100.6308,71.55,97,100,1.97
91,Carnarvon,AU,2022-02-02 14:07:21,-24.8667,113.6333,80.67,74,75,14.97
92,Athabasca,CA,2022-02-02 14:05:55,54.7169,-113.2854,-27.42,100,23,5.55
93,Havoysund,NO,2022-02-02 14:10:15,70.9963,24.6622,18.48,80,40,8.7
94,Yichang,CN,2022-02-02 14:08:51,30.7144,111.2847,39.97,60,80,0.13
95,Sungaipenuh,ID,2022-02-02 14:10:16,-2.0833,101.3833,65.61,97,99,1.97
96,Aurora,US,2022-02-02 14:10:16,39.7294,-104.8319,13.96,84,100,3.0
97,Pevek,RU,2022-02-02 14:10:17,69.7008,170.3133,-9.09,81,11,3.76
98,Willowmore,ZA,2022-02-02 14:10:17,-33.2926,23.4895,70.21,81,100,9.73
99,Barcelos,PT,2022-02-02 14:10:17,41.5388,-8.6151,68.14,50,2,2.42
100,Asau,RO,2022-02-02 14:09:39,46.4333,26.4,43.75,54,98,6.29
101,Jining,CN,2022-02-02 14:10:18,35.405,116.5814,35.92,37,41,4.09
102,Zeerust,ZA,2022-02-02 14:10:18,-25.5369,26.0751,91.89,28,29,11.45
103,Hobart,AU,2022-02-02 14:10:19,-42.8794,147.3294,57.06,63,100,1.99
104,Port Alfred,ZA,2022-02-02 14:10:19,-33.5906,26.891,84.88,65,100,15.46
105,Yellowknife,CA,2022-02-02 14:10:19,62.456,-114.3525,-35.45,78,75,3.44
106,Dikson,RU,2022-02-02 14:06:00,73.5069,80.5464,-4.72,97,98,14.16
107,Arraial Do Cabo,BR,2022-02-02 14:09:14,-22.9661,-42.0278,82.26,74,40,9.22
108,Hamilton,US,2022-02-02 14:06:48,39.1834,-84.5333,44.42,92,100,1.01
109,Esperance,AU,2022-02-02 14:10:20,-33.8667,121.9,62.82,66,0,18.84
110,Puerto Ayora,EC,2022-02-02 14:06:22,-0.7393,-90.3518,78.76,92,68,4.0
111,Alta Floresta,BR,2022-02-02 14:10:21,-9.8756,-56.0861,79.74,74,65,3.24
112,Primorka,RU,2022-02-02 14:10:21,47.2836,39.0625,39.96,100,100,5.12
113,Bocholt,DE,2022-02-02 14:10:21,51.8333,6.6,52.21,54,20,10.13
114,Ponta Do Sol,PT,2022-02-02 14:10:22,32.6667,-17.1,70.0,58,100,10.27
115,Batticaloa,LK,2022-02-02 14:10:22,7.7102,81.6924,77.22,71,2,9.98
116,Port-Gentil,GA,2022-02-02 14:10:22,-0.7193,8.7815,81.86,71,47,9.53
117,Namie,JP,2022-02-02 14:10:23,37.4833,141.0,36.97,69,2,6.87
118,Shimoda,JP,2022-02-02 14:10:23,34.6667,138.95,37.11,60,2,19.51
119,Llangefni,GB,2022-02-02 14:10:23,53.2556,-4.3106,52.66,85,75,12.66
120,Pa Daet,TH,2022-02-02 14:10:24,19.5049,99.9924,67.15,31,5,2.86
121,Lagoa,PT,2022-02-02 14:10:24,39.05,-27.9833,58.55,70,1,11.48
122,Doha,QA,2022-02-02 14:05:37,25.2867,51.5333,67.98,49,0,14.97
123,Broome,US,2022-02-02 14:10:25,42.2506,-75.833,32.85,79,40,3.0
124,Atuona,PF,2022-02-02 14:10:25,-9.8,-139.0333,78.31,76,84,17.4
125,Hofn,IS,2022-02-02 14:10:25,64.2539,-15.2082,30.22,69,75,3.44
126,Kutum,SD,2022-02-02 14:10:26,14.2,24.6667,84.97,12,0,17.65
127,Bossangoa,CF,2022-02-02 14:10:26,6.4926,17.4552,96.03,9,24,5.01
128,Yulara,AU,2022-02-02 14:10:26,-25.2406,130.9889,66.04,82,100,10.36
129,Mount Isa,AU,2022-02-02 14:10:27,-20.7333,139.5,82.17,74,75,3.44
130,Basco,PH,2022-02-02 14:10:27,20.4487,121.9702,74.86,72,38,15.21
131,Mar Del Plata,AR,2022-02-02 14:07:37,-38.0023,-57.5575,80.62,89,0,1.99
132,Progreso,MX,2022-02-02 14:10:28,21.2833,-89.6667,70.11,83,8,9.46
133,Saint-Pierre,RE,2022-02-02 14:10:28,-21.3393,55.4781,82.04,94,100,40.29
134,Chardara,KZ,2022-02-02 14:10:29,41.2547,67.9692,47.08,41,81,3.22
135,Faanui,PF,2022-02-02 14:10:29,-16.4833,-151.75,80.08,78,21,16.93
136,Butaritari,KI,2022-02-02 14:10:29,3.0707,172.7902,80.91,82,98,16.8
137,Kaeo,NZ,2022-02-02 14:11:30,-35.1,173.7833,70.32,90,100,9.57
138,Winnemucca,US,2022-02-02 14:11:30,40.973,-117.7357,24.12,68,75,9.22
139,Bardiyah,LY,2022-02-02 14:11:30,31.7561,25.0865,61.81,42,100,17.52
140,Liuzhou,CN,2022-02-02 14:11:31,24.3126,109.3892,41.9,85,98,9.86
141,Klaksvik,FO,2022-02-02 14:11:31,62.2266,-6.589,38.32,96,100,10.74
142,Bacabal,BR,2022-02-02 14:11:31,-4.2917,-44.7917,85.35,66,82,5.53
143,Port Elizabeth,ZA,2022-02-02 14:11:32,-33.918,25.5701,82.69,65,0,4.61
144,Eyl,SO,2022-02-02 14:11:32,7.9803,49.8164,79.02,66,5,21.83
145,Santa Cruz,BO,2022-02-02 14:08:35,-17.8,-63.1667,83.66,74,40,11.5
146,Sao Borja,BR,2022-02-02 14:11:33,-28.6606,-56.0044,99.95,17,0,8.28
147,Tucuman,AR,2022-02-02 14:08:37,-26.8241,-65.2226,86.0,51,0,3.44
148,Sindou,BF,2022-02-02 14:11:33,10.6667,-5.1667,91.85,4,4,8.39
149,Kodiak,US,2022-02-02 14:11:34,57.79,-152.4072,36.91,87,100,3.44
150,Sola,VU,2022-02-02 14:11:34,-13.8833,167.55,81.1,79,100,11.25
151,Leningradskiy,RU,2022-02-02 14:06:58,69.3833,178.4167,-13.13,96,39,10.56
152,Clyde River,CA,2022-02-02 14:11:34,70.4692,-68.5914,-27.17,68,100,3.44
153,Victor Harbor,AU,2022-02-02 14:11:35,-35.5667,138.6167,63.0,74,19,3.0
154,Adrar,MR,2022-02-02 14:11:35,20.5022,-10.0711,83.77,13,81,21.63
155,Port Hedland,AU,2022-02-02 14:08:17,-20.3167,118.5667,82.45,89,100,11.5
156,Pergamino,AR,2022-02-02 14:11:03,-33.89,-60.5736,92.46,28,5,12.24
157,Chumikan,RU,2022-02-02 14:11:36,54.7183,135.315,-7.87,85,55,12.39
158,Barrow,US,2022-02-02 14:11:36,71.2906,-156.7887,-20.18,76,0,4.61
159,Iqaluit,CA,2022-02-02 14:10:19,63.7506,-68.5145,2.93,78,100,21.85
160,Pangnirtung,CA,2022-02-02 14:06:38,66.1451,-65.7125,1.4,71,100,16.11
161,Tuktoyaktuk,CA,2022-02-02 14:11:37,69.4541,-133.0374,-25.01,98,99,6.67
162,Kununurra,AU,2022-02-02 14:11:37,-15.7667,128.7333,80.58,89,100,4.61
163,San Patricio,US,2022-02-02 14:11:37,28.017,-97.5169,68.09,97,89,6.11
164,Sharjah,AE,2022-02-02 14:11:38,25.3573,55.4033,73.38,41,0,9.22
165,Nuuk,GL,2022-02-02 14:11:38,64.1835,-51.7216,7.41,66,40,13.8
166,Honiara,SB,2022-02-02 14:09:14,-9.4333,159.95,77.65,89,100,6.35
167,Arshan,RU,2022-02-02 14:11:39,46.2732,44.22,34.18,93,0,17.9
168,Qaanaaq,GL,2022-02-02 14:06:53,77.484,-69.3632,-23.71,65,34,8.59
169,Longyearbyen,SJ,2022-02-02 14:11:39,78.2186,15.6401,21.04,73,75,11.5
170,Cherskiy,RU,2022-02-02 14:11:39,68.75,161.3,-5.64,63,70,3.71
171,Inhambane,MZ,2022-02-02 14:11:40,-23.865,35.3833,84.2,61,0,13.89
172,Ngunguru,NZ,2022-02-02 14:11:40,-35.6167,174.5,70.16,88,100,12.68
173,Salalah,OM,2022-02-02 14:11:40,17.0151,54.0924,80.69,39,0,5.75
174,Cabo San Lucas,MX,2022-02-02 14:06:45,22.8909,-109.9124,64.71,51,20,9.22
175,Goundam,ML,2022-02-02 14:11:41,16.4145,-3.6708,85.3,8,1,18.14
176,Khatanga,RU,2022-02-02 14:11:41,71.9667,102.5,-38.92,99,73,1.1
177,Ouadda,CF,2022-02-02 14:08:42,8.0777,22.4007,98.92,11,10,1.36
178,Luena,AO,2022-02-02 14:11:42,-11.7833,19.9167,79.86,49,55,5.7
179,Ongandjera,NA,2022-02-02 14:11:42,-17.8833,15.0667,91.15,18,56,4.47
180,Grindavik,IS,2022-02-02 14:11:42,63.8424,-22.4338,32.47,64,75,10.36
181,Baijiantan,CN,2022-02-02 14:11:43,45.6333,85.1833,6.64,88,43,2.86
182,Buala,SB,2022-02-02 14:11:43,-8.145,159.5921,79.86,84,100,7.47
183,Airai,TL,2022-02-02 14:11:43,-8.9266,125.4092,61.52,87,86,2.21
184,Tabat,ID,2022-02-02 14:12:44,-2.635,115.2274,77.49,85,100,2.48
185,Talnakh,RU,2022-02-02 14:12:44,69.4865,88.3972,-0.8,97,95,6.31
186,Requena,ES,2022-02-02 14:12:44,39.4883,-1.1004,68.22,22,0,9.4
187,Gaya,IN,2022-02-02 14:12:45,24.7833,85.0,63.99,59,0,7.47
188,Uhlove,UA,2022-02-02 14:12:45,44.8215,33.6045,45.57,91,100,18.66
189,Camacupa,AO,2022-02-02 14:12:46,-12.0167,17.4833,77.4,58,82,3.36
190,Baia De Arama,RO,2022-02-02 14:12:46,45.0,22.8067,39.24,67,11,5.01
191,Isla Mujeres,MX,2022-02-02 14:12:46,21.2311,-86.731,80.65,77,0,15.5
192,Mahina,PF,2022-02-02 14:12:47,-17.5065,-149.489,76.77,78,20,3.44
193,Saint George,US,2022-02-02 14:12:47,37.1041,-113.5841,32.59,35,0,3.0
194,Half Moon Bay,US,2022-02-02 14:12:47,37.4636,-122.4286,55.74,36,0,3.0
195,Caravelas,BR,2022-02-02 14:12:48,-17.7125,-39.2481,88.45,55,85,6.2
196,Cayenne,GF,2022-02-02 14:12:48,4.9333,-52.3333,82.44,83,100,3.0
197,Muli,MV,2022-02-02 14:12:48,2.9167,73.5667,82.38,74,5,11.7
198,Tiksi,RU,2022-02-02 14:12:49,71.6872,128.8694,-6.72,100,100,5.73
199,Provideniya,RU,2022-02-02 14:12:49,64.3833,-173.3,7.23,63,0,21.88
200,Constantine,DZ,2022-02-02 14:12:50,36.365,6.6147,56.61,50,40,18.41
201,Ajaccio,FR,2022-02-02 14:08:38,42.0,8.9167,61.29,72,0,9.22
202,Sampit,ID,2022-02-02 14:12:50,-2.5333,112.95,75.61,95,100,3.42
203,Westport,US,2022-02-02 14:08:57,41.1415,-73.3579,39.88,81,100,1.01
204,Tezu,IN,2022-02-02 14:12:51,27.9167,96.1667,55.08,70,38,4.41
205,Demba,CD,2022-02-02 14:12:51,-5.51,22.2667,87.04,46,97,2.91
206,Kalianget,ID,2022-02-02 14:08:52,-7.05,113.9333,80.33,83,50,10.54
207,Isla Vista,US,2022-02-02 14:12:51,34.4133,-119.861,53.46,63,0,0.0
208,Lang Suan,TH,2022-02-02 14:12:52,9.9456,99.0785,77.54,85,21,4.92
209,Katherine,AU,2022-02-02 14:12:52,-14.4667,132.2667,79.12,89,100,6.91
210,Rodrigues Alves,BR,2022-02-02 14:12:52,-7.738,-72.6509,84.81,56,42,0.58
211,Hailar,CN,2022-02-02 14:12:53,49.2,119.7,-22.47,100,26,4.09
212,Atambua,ID,2022-02-02 14:12:53,-9.1061,124.8925,74.91,87,72,3.33
213,Fort-Shevchenko,KZ,2022-02-02 14:12:53,44.5086,50.263,43.66,72,33,9.51
214,Mae Chan,TH,2022-02-02 14:12:54,20.1467,99.8526,66.78,35,3,3.06
215,Misratah,LY,2022-02-02 14:12:54,32.3754,15.0925,58.42,55,66,28.66
216,Katsuura,JP,2022-02-02 14:12:54,35.1333,140.3,44.71,51,56,8.5
217,Mehran,IR,2022-02-02 14:12:55,33.1222,46.1646,60.35,34,0,7.76
218,Codrington,AU,2022-02-02 14:12:55,-38.2667,141.9667,59.9,67,100,12.95
219,Sao Felix Do Xingu,BR,2022-02-02 14:12:56,-6.6447,-51.995,82.51,73,99,2.84
220,Isangel,VU,2022-02-02 14:12:56,-19.55,169.2667,77.2,89,100,2.04
221,Solwezi,ZM,2022-02-02 14:12:56,-12.1688,26.3894,71.24,80,95,2.8
222,Kijang,KR,2022-02-02 14:12:57,35.2442,129.2139,35.26,32,99,6.49
223,Luderitz,NA,2022-02-02 14:12:57,-26.6481,15.1594,70.68,73,21,11.34
224,Morondava,MG,2022-02-02 14:12:58,-20.2833,44.2833,85.89,70,96,13.2
225,Ojinaga,MX,2022-02-02 14:12:58,29.5667,-104.4167,58.57,32,100,0.0
226,Christchurch,NZ,2022-02-02 14:12:25,-43.5333,172.6333,78.01,64,100,1.01
227,Ashqelon,IL,2022-02-02 14:13:58,31.6693,34.5715,67.78,53,100,3.85
228,Areosa,PT,2022-02-02 14:13:59,41.7178,-8.8571,69.06,58,2,4.92
229,The Valley,AI,2022-02-02 14:13:59,18.217,-63.0578,82.81,74,40,12.66
230,Hithadhoo,MV,2022-02-02 14:13:59,-0.6,73.0833,82.65,70,30,6.69
231,Lakes Entrance,AU,2022-02-02 14:14:00,-37.8811,147.981,55.17,68,94,8.21
232,Bredasdorp,ZA,2022-02-02 14:14:00,-34.5322,20.0403,79.29,42,46,20.15
233,Komsomolskiy,UZ,2022-02-02 14:14:00,40.4272,71.7189,39.92,65,100,0.0
234,Dingle,PH,2022-02-02 14:14:01,10.9995,122.6711,74.12,93,100,7.18
235,Itapirapua,BR,2022-02-02 14:14:01,-15.8233,-50.6133,81.84,74,99,2.28
236,Kaluga,RU,2022-02-02 14:14:01,54.5,35.5,24.31,95,70,5.73
237,Kharp,RU,2022-02-02 14:14:02,66.8014,65.8081,-3.17,99,100,1.79
238,Krasnoselkup,RU,2022-02-02 14:14:02,65.7,82.4667,-21.19,100,100,1.7
239,Pacific Grove,US,2022-02-02 14:14:03,36.6177,-121.9166,52.43,42,0,3.44
240,Fairbanks,US,2022-02-02 14:14:03,64.8378,-147.7164,-29.24,62,0,0.0
241,Nikolsk,RU,2022-02-02 14:14:03,53.7189,46.0712,25.88,97,100,4.34
242,Nouadhibou,MR,2022-02-02 14:14:04,20.931,-17.0347,71.4,54,4,12.33
243,Norman Wells,CA,2022-02-02 14:14:04,65.282,-126.8329,-24.23,100,100,3.15
244,Ponta Delgada,PT,2022-02-02 14:14:04,37.7333,-25.6667,64.51,67,40,10.36
245,Chunoyar,RU,2022-02-02 14:14:05,57.4467,97.3217,-0.99,100,99,0.78
246,Phalaborwa,ZA,2022-02-02 14:14:05,-23.943,31.1411,95.97,26,0,5.91
247,Vestmannaeyjar,IS,2022-02-02 14:14:06,63.4427,-20.2734,36.57,64,100,16.11
248,Champerico,GT,2022-02-02 14:14:06,14.3,-91.9167,83.35,70,0,4.81
249,Sao Filipe,CV,2022-02-02 14:14:06,14.8961,-24.4956,75.88,66,0,14.67
250,Tuatapere,NZ,2022-02-02 14:14:07,-46.1333,167.6833,56.52,97,100,11.12
251,Natal,BR,2022-02-02 14:14:07,-5.795,-35.2094,88.45,66,75,12.66
252,Jalu,LY,2022-02-02 14:14:07,29.0331,21.5482,61.11,33,96,18.1
253,Portmore,JM,2022-02-02 14:14:08,17.9702,-76.8672,75.96,81,5,2.73
254,Constitucion,CL,2022-02-02 14:14:08,-35.3333,-72.4167,64.99,67,0,6.04
255,Lander,US,2022-02-02 14:14:08,42.833,-108.7307,7.81,84,100,4.61
256,Mpika,ZM,2022-02-02 14:14:09,-11.8343,31.4529,72.03,84,64,5.19
257,Aswan,EG,2022-02-02 14:14:09,24.0934,32.907,73.6,21,0,3.83
258,Varnamo,SE,2022-02-02 14:14:09,57.186,14.04,30.87,75,98,4.88
259,Vao,NC,2022-02-02 14:14:10,-22.6667,167.4833,77.81,84,60,19.89
260,Manjakandriana,MG,2022-02-02 14:14:10,-18.9167,47.8,76.69,67,99,7.43
261,Rawson,AR,2022-02-02 14:10:48,-43.3002,-65.1023,74.41,31,98,12.73
262,North Bend,US,2022-02-02 14:14:11,43.4065,-124.2243,41.88,100,100,5.75
263,Kaitangata,NZ,2022-02-02 14:14:11,-46.2817,169.8464,61.07,100,100,2.04
264,Vryburg,ZA,2022-02-02 14:14:12,-26.9566,24.7284,83.57,41,97,8.5
265,Tel Aviv-Yafo,IL,2022-02-02 14:14:12,32.0805,34.7805,68.07,58,0,5.75
266,Baft,IR,2022-02-02 14:14:12,29.234,56.6057,45.32,29,0,3.15
267,Atar,MR,2022-02-02 14:14:13,20.5169,-13.0499,89.96,12,99,23.91
268,Cururupu,BR,2022-02-02 14:14:13,-1.8283,-44.8683,83.98,70,100,7.23
269,Saskylakh,RU,2022-02-02 14:12:12,71.9167,114.0833,-28.28,100,40,2.64
270,Laguna,US,2022-02-02 14:14:13,38.421,-121.4238,53.89,52,0,5.99
271,Mesyagutovo,RU,2022-02-02 14:14:14,55.5303,58.2528,19.76,97,96,4.5
272,Asosa,ET,2022-02-02 14:14:14,10.0667,34.5333,83.73,18,99,4.38
273,Melville,US,2022-02-02 14:15:15,40.7934,-73.4151,39.67,80,100,1.01
274,Binghamton,US,2022-02-02 14:14:31,42.0987,-75.918,33.96,84,40,3.0
275,Kavaratti,IN,2022-02-02 14:15:15,10.5669,72.642,81.03,67,5,11.18
276,Evensk,RU,2022-02-02 14:12:16,61.95,159.2333,24.82,46,100,27.02
277,Paamiut,GL,2022-02-02 14:15:16,61.994,-49.6678,0.16,79,6,9.8
278,Victoria,HK,2022-02-02 14:10:29,22.2855,114.1577,61.95,91,100,1.99
279,Bandarbeyla,SO,2022-02-02 14:15:16,9.4942,50.8122,77.45,66,81,19.82
280,Mampong,GH,2022-02-02 14:15:16,7.0627,-1.4001,95.76,8,12,4.07
281,Luba,GQ,2022-02-02 14:15:17,3.4568,8.5547,82.67,70,46,5.82
282,Mumford,GH,2022-02-02 14:15:17,5.2618,-0.759,84.0,64,69,13.22
283,San Javier,ES,2022-02-02 14:15:17,37.8063,-0.8374,78.8,35,0,10.0
284,Kapuskasing,CA,2022-02-02 14:12:02,49.4169,-82.4331,0.63,90,96,7.56
285,Villazon,BO,2022-02-02 14:15:18,-22.0866,-65.5942,49.24,71,88,5.23
286,Savannah Bight,HN,2022-02-02 14:15:19,16.45,-85.85,73.45,73,0,20.65
287,Samarai,PG,2022-02-02 14:15:19,-10.6167,150.6667,80.19,82,100,11.54
288,Thinadhoo,MV,2022-02-02 14:15:19,0.5333,72.9333,83.25,69,2,6.46
289,Cartagena Del Chaira,CO,2022-02-02 14:10:30,1.3349,-74.8429,82.29,63,97,1.74
290,Licheng,CN,2022-02-02 14:15:20,23.2955,113.8284,48.13,92,100,5.41
291,Sibolga,ID,2022-02-02 14:15:20,1.7427,98.7792,78.48,83,100,2.66
292,Georgetown,MY,2022-02-02 14:12:59,5.4112,100.3354,82.33,86,20,1.01
293,Nivala,FI,2022-02-02 14:15:21,63.9167,24.9667,12.13,98,97,2.68
294,Rock Sound,BS,2022-02-02 14:15:21,24.9,-76.2,72.59,65,3,21.3
295,Acapulco,MX,2022-02-02 14:15:22,16.8634,-99.8901,73.22,83,75,3.44
296,Chapais,CA,2022-02-02 14:15:22,49.7834,-74.8492,29.98,81,100,13.62
297,Korla,CN,2022-02-02 14:15:22,41.7597,86.1469,26.17,53,5,6.29
298,Saint-Joseph,RE,2022-02-02 14:15:23,-21.3667,55.6167,79.18,94,100,29.66
299,Turukhansk,RU,2022-02-02 14:15:23,65.8167,87.9833,8.01,93,100,8.79
300,Bereslavka,RU,2022-02-02 14:15:23,48.6254,44.0449,36.37,99,100,15.99
301,Stykkisholmur,IS,2022-02-02 14:15:24,65.0757,-22.7297,30.15,83,100,8.01
302,Tampin,MY,2022-02-02 14:15:24,2.4701,102.2302,81.82,87,48,2.24
303,Port Lincoln,AU,2022-02-02 14:15:12,-34.7333,135.8667,62.91,64,68,15.12
304,Zeya,RU,2022-02-02 14:15:25,53.75,127.2667,-7.4,90,100,4.5
305,Baykit,RU,2022-02-02 14:15:25,61.67,96.37,-3.46,100,99,0.87
306,Ottawa,CA,2022-02-02 14:14:25,45.4112,-75.6981,35.73,73,100,1.01
307,Jaciara,BR,2022-02-02 14:15:25,-15.9653,-54.9683,79.59,75,90,7.83
308,Akyab,MM,2022-02-02 14:15:26,20.15,92.9,71.85,63,0,10.07
309,Bengkulu,ID,2022-02-02 14:15:26,-3.8004,102.2655,77.95,84,96,6.38
310,Wah,PK,2022-02-02 14:15:26,33.798,72.6957,52.02,46,100,3.4
311,Southbridge,US,2022-02-02 14:15:27,42.0751,-72.0334,36.09,86,100,3.0
312,Roebourne,AU,2022-02-02 14:15:27,-20.7833,117.1333,84.04,70,100,7.16
313,Oistins,BB,2022-02-02 14:15:27,13.0667,-59.5333,82.49,74,40,17.27
314,Klyuchi,RU,2022-02-02 14:15:28,52.2667,79.1667,1.18,100,68,2.3
315,Severo-Kurilsk,RU,2022-02-02 14:15:28,50.6789,156.125,26.58,83,93,6.35
316,San Jose De Guanipa,VE,2022-02-02 14:15:29,8.8872,-64.1651,82.26,54,92,15.64
317,Iskateley,RU,2022-02-02 14:15:29,67.6803,53.1512,7.79,93,100,8.5
318,Najran,SA,2022-02-02 14:15:29,17.4924,44.1277,72.25,27,59,13.15
319,Haines Junction,CA,2022-02-02 14:15:30,60.7522,-137.5108,-5.85,77,100,1.14
320,Mehamn,NO,2022-02-02 14:16:30,71.0357,27.8492,17.55,86,20,11.5
321,Ingham,US,2022-02-02 14:16:30,42.6,-84.3833,34.0,96,100,6.91
322,Byron Bay,AU,2022-02-02 14:13:52,-28.65,153.6167,78.75,96,100,4.43
323,Liberal,US,2022-02-02 14:16:31,37.0431,-100.921,18.63,86,100,13.8
324,Amahai,ID,2022-02-02 14:16:31,-3.3333,128.9167,78.84,82,100,4.32
325,Zhukovo,RU,2022-02-02 14:16:31,55.0318,36.744,25.57,93,99,5.23
326,Aksarka,RU,2022-02-02 14:16:32,66.5606,67.7975,-9.27,96,100,2.66
327,Itoman,JP,2022-02-02 14:16:32,26.1247,127.6694,66.22,94,100,16.11
328,Tevaitoa,PF,2022-02-02 14:16:32,-16.7833,-151.5,80.42,76,36,16.22
329,Kamaishi,JP,2022-02-02 14:16:33,39.2667,141.8833,31.62,68,84,8.7
330,Rondonopolis,BR,2022-02-02 14:16:33,-16.4708,-54.6356,79.83,81,99,8.57
331,Medea,DZ,2022-02-02 14:16:34,36.2642,2.7539,55.85,52,0,5.39
332,Kalpi,IN,2022-02-02 14:16:34,26.1167,79.7333,62.42,46,0,7.9
333,Lompoc,US,2022-02-02 14:16:35,34.6391,-120.4579,49.57,54,0,0.0
334,Aykhal,RU,2022-02-02 14:16:35,66.0,111.5,-20.83,100,6,2.55
335,Rio Grande,BR,2022-02-02 14:15:11,-32.035,-52.0986,84.31,64,2,10.42
336,Kavieng,PG,2022-02-02 14:16:36,-2.5744,150.7967,80.31,79,100,11.01
337,Mwinilunga,ZM,2022-02-02 14:16:36,-11.7358,24.4293,70.65,74,99,5.61
338,Cockburn Town,TC,2022-02-02 14:16:36,21.4612,-71.1419,73.36,73,40,13.8
339,Manicore,BR,2022-02-02 14:16:37,-5.8092,-61.3003,76.3,90,100,2.91
340,Sitka,US,2022-02-02 14:16:37,57.0531,-135.33,33.69,86,100,3.44
341,Macheng,CN,2022-02-02 14:16:37,31.1783,115.0319,37.38,85,100,2.86
342,Popondetta,PG,2022-02-02 14:16:38,-8.7537,148.2534,73.71,95,100,2.39
343,Ayan,RU,2022-02-02 14:16:38,56.45,138.1667,-2.43,70,100,13.56
344,Vredendal,ZA,2022-02-02 14:16:38,-31.6683,18.5012,78.46,57,79,18.01
345,Kokopo,PG,2022-02-02 14:16:39,-4.352,152.2633,76.87,84,100,5.7
346,Key West,US,2022-02-02 14:15:15,24.5557,-81.7826,77.0,72,75,16.11
347,Guasdualito,VE,2022-02-02 14:16:39,7.2424,-70.7324,82.36,65,0,4.61
348,Kysyl-Syr,RU,2022-02-02 14:16:40,63.8986,122.7617,-16.4,97,100,6.26
349,Bajil,YE,2022-02-02 14:16:40,15.0584,43.2851,82.74,60,88,8.84
350,Zhangye,CN,2022-02-02 14:16:40,38.9342,100.4517,25.09,34,79,1.23
351,Batouri,CM,2022-02-02 14:16:41,4.4333,14.3667,96.03,14,34,2.98
352,Oranjestad,AW,2022-02-02 14:15:00,12.524,-70.027,82.35,69,40,19.57
353,Bilma,NE,2022-02-02 14:16:41,18.6853,12.9164,74.97,11,0,10.65
354,Dicabisagan,PH,2022-02-02 14:16:42,17.0818,122.4157,71.6,83,53,0.85
355,Magnitogorsk,RU,2022-02-02 14:16:42,53.4186,59.0472,16.63,92,40,11.18
356,Teya,RU,2022-02-02 14:16:43,60.3778,92.6267,5.67,99,99,3.91
357,Margate,GB,2022-02-02 14:16:43,51.3813,1.3862,55.89,74,85,5.99
358,Dekar,BW,2022-02-02 14:16:43,-21.5333,21.9333,82.98,46,80,16.06
359,Beloha,MG,2022-02-02 14:16:44,-25.1667,45.05,86.32,42,0,20.22
360,Abatskoye,RU,2022-02-02 14:16:44,56.2875,70.4555,19.8,85,100,12.91
361,Pangody,RU,2022-02-02 14:16:44,65.85,74.4859,-12.26,98,68,9.28
362,Gat,IL,2022-02-02 14:16:45,31.61,34.7642,66.78,36,100,1.97
363,Vasterhaninge,SE,2022-02-02 14:16:45,59.1167,18.1,26.13,79,62,6.96
364,Bathsheba,BB,2022-02-02 14:16:46,13.2167,-59.5167,83.01,74,40,17.27
365,Athens,GR,2022-02-02 14:12:51,37.9795,23.7162,56.28,73,75,1.99
366,Ishim,RU,2022-02-02 14:17:46,56.1128,69.4902,21.63,85,100,13.42
367,Maceio,BR,2022-02-02 14:16:28,-9.6658,-35.7353,90.84,55,75,10.36
368,Kuandian,CN,2022-02-02 14:17:46,40.7286,124.7847,9.0,77,0,2.68
369,Palu,ID,2022-02-02 14:17:47,-0.8917,119.8707,75.79,94,100,2.15
370,Calceta,EC,2022-02-02 14:17:47,-0.85,-80.1667,75.11,89,99,2.28
371,Cetraro,IT,2022-02-02 14:17:47,39.5166,15.9416,59.23,49,5,8.61
372,Jaypur,IN,2022-02-02 14:17:48,18.85,82.5833,68.94,27,22,1.88
373,Banda Aceh,ID,2022-02-02 14:17:48,5.5577,95.3222,79.54,82,37,9.51
374,Ulladulla,AU,2022-02-02 14:17:48,-35.35,150.4667,65.08,74,99,14.07
375,Huangpi,CN,2022-02-02 14:17:49,30.8845,114.3779,33.91,93,100,2.24
376,Praia Da Vitoria,PT,2022-02-02 14:17:49,38.7333,-27.0667,63.75,88,40,10.78
377,Guaca,CO,2022-02-02 14:17:49,6.8762,-72.8559,60.08,58,14,2.04
378,Kruisfontein,ZA,2022-02-02 14:16:55,-34.0033,24.7314,74.55,85,100,10.56
379,Hami,CN,2022-02-02 14:17:50,42.8,93.45,24.21,30,91,3.11
380,Elat,IL,2022-02-02 14:17:50,29.5581,34.9482,73.24,20,0,9.22
381,Shubarshi,KZ,2022-02-02 14:17:51,48.5872,57.1869,19.62,92,96,6.64
382,Ponferrada,ES,2022-02-02 14:17:51,42.5466,-6.5962,68.11,40,21,1.99
383,Boyolangu,ID,2022-02-02 14:17:51,-8.1181,111.8935,77.09,89,23,2.1
384,Coahuayana,MX,2022-02-02 14:17:52,18.7333,-103.6833,71.08,56,0,3.89
385,Qurayyat,SA,2022-02-02 14:17:52,31.3318,37.3428,62.78,23,0,16.11
386,Kenitra,MA,2022-02-02 14:17:52,34.261,-6.5802,68.76,32,6,3.36
387,Karratha,AU,2022-02-02 14:17:53,-20.7377,116.8463,83.07,73,100,8.68
388,Blackfoot,US,2022-02-02 14:17:53,43.1905,-112.345,10.18,100,91,2.19
389,Nurota,UZ,2022-02-02 14:17:54,40.5614,65.6886,44.69,60,0,3.58
390,Chernyakhiv,UA,2022-02-02 14:17:54,50.4565,28.6702,30.83,87,100,13.44
391,Chuguyevka,RU,2022-02-02 14:17:54,44.1653,133.8633,-1.03,99,97,1.95
392,Homer,US,2022-02-02 14:14:58,59.6425,-151.5483,26.49,86,100,4.61
393,Padang,ID,2022-02-02 14:17:55,-0.9492,100.3543,80.2,83,100,3.09
394,Purpe,RU,2022-02-02 14:17:55,64.4803,76.6897,-13.07,99,38,9.19
395,Normandin,CA,2022-02-02 14:17:56,48.8333,-72.5321,28.71,74,100,13.8
396,Coruripe,BR,2022-02-02 14:17:06,-10.1256,-36.1756,88.0,53,7,12.12
397,Buraydah,SA,2022-02-02 14:17:56,26.326,43.975,64.85,23,0,8.77
398,Raga,SS,2022-02-02 14:17:56,8.4596,25.678,94.21,13,14,4.54
399,General Roca,AR,2022-02-02 14:17:57,-39.0333,-67.5833,85.62,25,0,8.14
400,Pisco,PE,2022-02-02 14:14:43,-13.7,-76.2167,72.01,68,0,5.75
401,Hualmay,PE,2022-02-02 14:17:57,-11.0964,-77.6139,73.02,74,3,8.95
402,Khandyga,RU,2022-02-02 14:17:58,62.6667,135.6,-39.39,100,45,2.13
403,Ciampea,ID,2022-02-02 14:17:58,-6.5547,106.7008,81.48,88,87,3.2
404,Kieta,PG,2022-02-02 14:17:59,-6.2167,155.6333,78.94,88,100,10.38
405,Iisalmi,FI,2022-02-02 14:17:59,63.5592,27.1907,17.62,97,100,2.55
406,Bay Point,US,2022-02-02 14:17:59,38.0291,-121.9616,55.69,37,0,3.0
407,Deputatskiy,RU,2022-02-02 14:18:00,69.3,139.9,-9.09,98,100,3.91
408,Ancud,CL,2022-02-02 14:16:47,-41.8697,-73.8203,64.22,83,100,2.26
409,Camocim,BR,2022-02-02 14:18:00,-2.9022,-40.8411,85.01,64,98,10.38
410,Marawi,PH,2022-02-02 14:19:00,7.9986,124.2928,68.65,95,100,1.45
411,Shelburne,CA,2022-02-02 14:14:08,44.0787,-80.2041,34.56,95,100,3.83
412,Callaway,US,2022-02-02 14:19:01,30.153,-85.5699,59.0,76,20,4.0
413,Geraldton,AU,2022-02-02 14:19:01,-28.7667,114.6,91.81,19,36,12.66
414,Kloulklubed,PW,2022-02-02 14:19:02,7.0419,134.2556,77.5,74,100,20.8
415,Charagua,BO,2022-02-02 14:19:02,-19.8,-63.2167,76.57,61,91,4.83
416,Masuguru,TZ,2022-02-02 14:19:02,-11.3667,38.4167,86.49,66,88,2.71
417,Bukachacha,RU,2022-02-02 14:19:03,52.9833,116.9167,-15.63,97,19,4.18
418,Ouahigouya,BF,2022-02-02 14:19:03,13.5828,-2.4216,87.75,6,0,15.05
419,Guymon,US,2022-02-02 14:15:53,36.6828,-101.4816,15.82,93,100,13.18
420,Bol,TD,2022-02-02 14:19:04,13.4586,14.7147,75.07,24,100,5.21
421,Tomatlan,MX,2022-02-02 14:19:04,19.9333,-105.25,58.59,54,0,3.44
422,Meiktila,MM,2022-02-02 14:19:04,20.8667,95.8667,68.04,38,0,6.33
423,Awbari,LY,2022-02-02 14:19:05,26.5921,12.7805,57.22,29,6,19.04
424,Moindou,NC,2022-02-02 14:19:05,-21.6924,165.677,71.55,80,87,1.43
425,Dolores,AR,2022-02-02 14:19:05,-36.3132,-57.6792,82.98,42,2,8.75
426,Sao Joao Da Barra,BR,2022-02-02 14:19:06,-21.6403,-41.0511,84.29,88,100,5.53
427,Minas,UY,2022-02-02 14:19:06,-34.3759,-55.2377,81.07,41,2,9.1
428,Bulgan,MN,2022-02-02 14:19:06,48.8125,103.5347,-4.61,89,3,4.79
429,Coihaique,CL,2022-02-02 14:16:48,-45.5752,-72.0662,59.61,55,40,10.36
430,Kaka,TM,2022-02-02 14:19:07,37.3482,59.6143,51.82,30,32,6.33
431,Kariba,ZW,2022-02-02 14:19:07,-16.5167,28.8,84.34,58,73,4.65
432,Necochea,AR,2022-02-02 14:19:08,-38.5473,-58.7368,86.04,42,99,9.17
433,Pimentel,PE,2022-02-02 14:19:08,-6.8367,-79.9342,73.69,68,0,5.75
434,High Level,CA,2022-02-02 14:19:08,58.5169,-117.136,-36.29,74,20,0.0
435,Mount Gambier,AU,2022-02-02 14:19:09,-37.8333,140.7667,57.29,78,75,7.27
436,Turayf,SA,2022-02-02 14:19:09,31.6725,38.6637,61.05,31,0,16.11
437,Colares,PT,2022-02-02 14:19:09,38.7992,-9.4469,68.32,48,0,5.01
438,Shenjiamen,CN,2022-02-02 14:19:10,29.9576,122.298,44.51,85,100,15.3
439,Pocone,BR,2022-02-02 14:19:10,-16.2567,-56.6228,81.37,71,100,6.93
440,Dalbandin,PK,2022-02-02 14:19:10,28.8947,64.4101,55.44,32,0,20.31
441,Dorchester,US,2022-02-02 14:19:11,33.1002,-80.3831,52.95,80,0,5.01
442,Nador,MA,2022-02-02 14:19:11,35.174,-2.9287,75.27,67,0,6.91
443,Fayaoue,NC,2022-02-02 14:19:12,-20.65,166.5333,80.8,78,28,6.96
444,Americus,US,2022-02-02 14:17:45,32.0724,-84.2327,51.93,76,0,6.91
445,Olinda,BR,2022-02-02 14:14:30,-8.0089,-34.8553,83.93,74,40,9.22
446,Mirnyy,RU,2022-02-02 14:19:12,62.5353,113.9611,-24.77,67,16,4.0
447,Nantucket,US,2022-02-02 14:19:13,41.2835,-70.0995,42.96,89,100,6.91
448,Namatanai,PG,2022-02-02 14:19:13,-3.6667,152.4333,77.81,85,100,5.26
449,Saint-Paul,RE,2022-02-02 14:19:13,-21.0096,55.2707,80.71,88,100,10.67
450,Kalmunai,LK,2022-02-02 14:19:14,7.4167,81.8167,76.46,73,0,9.22
451,Paragominas,BR,2022-02-02 14:19:14,-2.9667,-47.4833,84.54,63,97,5.75
452,Langham,CA,2022-02-02 14:19:14,52.3668,-106.9679,-29.18,99,6,5.37
453,Yopal,CO,2022-02-02 14:16:54,5.3378,-72.3959,90.21,25,72,4.45
454,Port-Cartier,CA,2022-02-02 14:19:15,50.0334,-66.8654,19.74,95,100,8.68
455,Ballina,AU,2022-02-02 14:19:15,-28.8667,153.5667,75.78,99,100,4.52
456,San Vicente,AR,2022-02-02 14:19:16,-26.6167,-54.1333,88.45,34,0,4.92
457,Mandera,KE,2022-02-02 14:19:16,3.9366,41.867,97.41,20,97,21.09
458,Suhbaatar,MN,2022-02-02 14:19:16,50.2314,106.2078,-7.94,98,91,3.18
459,Kyren,RU,2022-02-02 14:20:17,51.6828,102.1408,2.97,89,88,1.95
460,Talara,PE,2022-02-02 14:20:17,-4.5772,-81.2719,75.96,64,0,18.41
461,Suraabad,AZ,2022-02-02 14:20:17,40.8192,49.4687,46.58,75,29,1.34
462,Saint-Francois,FR,2022-02-02 14:20:18,46.4154,3.9054,48.42,93,75,8.05
463,Lorengau,PG,2022-02-02 14:20:18,-2.0226,147.2712,78.89,79,100,4.59
464,Martapura,ID,2022-02-02 14:20:18,-3.4167,114.85,78.89,94,100,4.61
465,Birao,CF,2022-02-02 14:20:19,10.2849,22.7882,95.74,10,6,4.03
466,Puerto Rico,AR,2022-02-02 14:20:19,-26.796,-55.024,93.06,31,0,4.83
467,Murgab,TM,2022-02-02 14:20:20,37.4966,61.9714,53.47,40,40,4.61
468,Razdolinsk,RU,2022-02-02 14:20:20,58.4211,94.6658,3.99,98,96,0.22
469,Tessalit,ML,2022-02-02 14:20:20,20.1986,1.0114,76.5,8,0,17.58
470,Beringovskiy,RU,2022-02-02 14:20:21,63.05,179.3167,-3.86,88,57,17.85
471,Mogadishu,SO,2022-02-02 14:20:21,2.0371,45.3438,80.98,76,82,21.77
472,San Carlos,VE,2022-02-02 14:20:21,9.6612,-68.5827,86.59,48,19,1.7
473,Yumen,CN,2022-02-02 14:20:22,40.2833,97.2,22.23,29,100,4.92
474,Ostrovnoy,RU,2022-02-02 14:20:22,68.0531,39.5131,20.57,86,100,15.61
475,Borogontsy,RU,2022-02-02 14:20:22,62.6683,131.1683,-26.21,100,90,1.48
476,Pochinki,RU,2022-02-02 14:20:13,54.6988,44.8668,20.25,94,100,6.42
477,Alice,US,2022-02-02 14:20:23,27.7523,-98.0697,67.57,100,100,6.91
478,Hampton,US,2022-02-02 14:20:23,37.0299,-76.3452,42.06,92,100,1.99
479,Palmer,US,2022-02-02 14:20:24,42.1584,-72.3287,36.55,76,100,1.99
480,Tenenkou,ML,2022-02-02 14:20:24,14.4572,-4.9169,88.7,8,4,16.51
481,Quirinopolis,BR,2022-02-02 14:20:25,-18.4483,-50.4517,78.42,74,100,5.66
482,Nemuro,JP,2022-02-02 14:20:25,43.3236,145.575,22.26,75,30,9.46
483,George,ZA,2022-02-02 14:20:25,-33.963,22.4617,69.35,94,100,11.5
484,Juegang,CN,2022-02-02 14:20:26,32.3174,121.1855,40.98,70,100,6.08
485,Luang Prabang,LA,2022-02-02 14:20:26,19.8856,102.1347,69.15,73,27,2.17
486,Ternate,ID,2022-02-02 14:20:26,0.8,127.4,78.84,82,100,5.14
487,Makokou,GA,2022-02-02 14:20:27,0.5738,12.8642,87.4,44,91,3.13
488,Mandurah,AU,2022-02-02 14:20:27,-32.55,115.7,85.21,34,98,12.35
489,Kashi,CN,2022-02-02 14:20:27,39.4547,75.9797,31.23,34,100,0.0
490,Rosarito,MX,2022-02-02 14:20:28,32.3333,-117.0333,51.42,75,0,4.83
491,Sokolov,CZ,2022-02-02 14:20:28,50.1813,12.6401,41.83,82,40,17.27
492,Vitim,RU,2022-02-02 14:20:28,59.4511,112.5578,-10.44,100,98,3.36
493,Verkhoyansk,RU,2022-02-02 14:20:29,67.5447,133.385,-25.64,100,97,2.15
494,Husavik,IS,2022-02-02 14:19:00,66.0449,-17.3389,22.91,85,100,8.05
495,Labuhan,ID,2022-02-02 14:20:29,-6.8844,112.2051,79.88,82,36,11.21
496,Pozo Colorado,PY,2022-02-02 14:20:29,-23.4923,-58.7972,95.36,36,3,6.67
497,Xingyi,CN,2022-02-02 14:20:30,24.1877,102.817,42.87,95,97,4.45
498,Kirillov,RU,2022-02-02 14:20:30,59.863,38.3813,21.13,98,100,2.53
499,Inuvik,CA,2022-02-02 14:20:30,68.3499,-133.7218,-23.76,72,0,3.44
500,Riyadh,SA,2022-02-02 14:17:03,24.6877,46.7219,64.54,23,0,8.41
501,Along,IN,2022-02-02 14:20:31,28.1667,94.7667,53.37,80,69,0.51
502,Peterborough,GB,2022-02-02 14:18:34,52.5736,-0.2478,54.43,82,100,17.27
503,Banjar,ID,2022-02-02 14:20:31,-8.19,114.9675,82.26,90,100,3.42
504,Saint Anthony,US,2022-02-02 14:16:23,45.0205,-93.218,1.26,73,0,5.01
505,Cap Malheureux,MU,2022-02-02 14:20:32,-19.9842,57.6142,81.09,83,100,24.0
506,Kahului,US,2022-02-02 14:20:32,20.8947,-156.47,68.68,83,0,0.0
507,Olafsvik,IS,2022-02-02 14:21:33,64.8945,-23.7142,33.55,50,87,12.84
508,Monrovia,LR,2022-02-02 14:19:07,6.3005,-10.7969,92.97,61,49,11.59
509,Beipiao,CN,2022-02-02 14:19:57,41.7919,120.7792,3.42,84,0,3.53
510,Tartagal,AR,2022-02-02 14:21:33,-22.5164,-63.8013,93.34,38,39,6.06
511,Srednekolymsk,RU,2022-02-02 14:21:34,67.45,153.6833,-18.67,95,78,6.24
512,Lere,NG,2022-02-02 14:21:34,10.387,8.5726,90.03,10,84,2.28
513,Le Port,RE,2022-02-02 14:21:34,-20.9373,55.2919,80.6,85,100,13.47
514,Anchorage,US,2022-02-02 14:21:35,61.2181,-149.9003,18.86,87,40,0.0
515,Gonzalez,US,2022-02-02 14:21:35,30.5816,-87.2914,65.62,87,100,3.0
516,Gayeri,BF,2022-02-02 14:21:35,12.6497,0.4931,87.89,4,19,11.74
517,Rawlins,US,2022-02-02 14:21:36,41.7911,-107.2387,-1.64,81,0,5.75
518,Rivadavia,AR,2022-02-02 14:20:43,-33.1905,-68.4608,77.47,56,100,14.79
519,Noumea,NC,2022-02-02 14:21:37,-22.2763,166.4572,71.58,83,100,8.81
520,Goba,ET,2022-02-02 14:21:37,7.0167,39.9833,66.94,28,100,8.99
521,Manaus,BR,2022-02-02 14:21:37,-3.1019,-60.025,82.89,78,75,6.91
522,Batagay,RU,2022-02-02 14:21:38,67.6333,134.6333,-27.92,99,96,3.56
523,Barra Do Garcas,BR,2022-02-02 14:18:36,-15.89,-52.2567,86.58,66,40,4.99
524,Qasigiannguit,GL,2022-02-02 14:21:38,68.8193,-51.1922,3.45,84,72,7.83
525,Hirara,JP,2022-02-02 14:21:39,24.8,125.2833,71.24,73,97,14.14
526,Pangai,TO,2022-02-02 14:21:39,-19.8,-174.35,80.92,71,18,10.18
527,Staryy Nadym,RU,2022-02-02 14:21:18,65.6118,72.6842,-10.17,93,100,11.39
528,Hameenlinna,FI,2022-02-02 14:21:39,60.996,24.4643,17.02,95,99,2.84
529,Bairiki,KI,2022-02-02 14:21:40,1.3292,172.9752,75.2,100,100,1.14
530,Northam,GB,2022-02-02 14:21:40,51.0333,-4.2167,55.02,86,61,8.72
531,Salisbury,GB,2022-02-02 14:21:40,51.0693,-1.7957,56.53,68,75,12.66
532,Camana,PE,2022-02-02 14:21:41,-16.6228,-72.7111,73.24,75,70,9.04
533,Garanhuns,BR,2022-02-02 14:21:41,-8.8903,-36.4928,84.7,33,7,6.11
534,Marshalltown,US,2022-02-02 14:21:41,42.0494,-92.908,6.98,72,20,17.27
535,Yeniseysk,RU,2022-02-02 14:21:42,58.4497,92.1703,13.24,96,99,5.21
536,Torbay,CA,2022-02-02 14:21:42,47.6666,-52.7314,27.57,83,100,9.22
537,Desbiens,CA,2022-02-02 14:21:43,48.4178,-71.9495,29.05,82,100,20.11
538,Yaan,NG,2022-02-02 14:21:43,7.3833,8.5667,97.39,9,0,3.51
539,Rusape,ZW,2022-02-02 14:21:43,-18.5278,32.1284,74.32,62,89,5.3
540,Kapit,MY,2022-02-02 14:21:44,2.0167,112.9333,73.58,97,76,1.36
541,Betanzos,ES,2022-02-02 14:21:44,43.2804,-8.2147,72.18,54,0,1.99
542,Oktyabrskiy,RU,2022-02-02 14:21:44,54.4815,53.471,23.83,95,94,7.11
543,Jacqueville,CI,2022-02-02 14:21:45,5.2052,-4.4146,89.51,71,59,13.8
544,Imperia,IT,2022-02-02 14:21:45,43.9667,7.7833,64.99,37,0,4.12
545,Tudela,ES,2022-02-02 14:21:46,42.0617,-1.6045,67.87,34,0,15.82
546,Arroyo,ES,2022-02-02 14:21:46,41.6096,-4.7969,64.18,45,0,1.14
547,Pochutla,MX,2022-02-02 14:21:46,15.7432,-96.4661,69.62,60,0,2.59
548,Svetlogorsk,BY,2022-02-02 14:21:47,52.6333,29.7333,28.65,89,100,12.39
549,Makakilo City,US,2022-02-02 14:21:47,21.3469,-158.0858,72.28,77,0,6.91
550,Vanavara,RU,2022-02-02 14:21:47,60.34,102.2797,-11.4,100,76,2.53
551,Port Hardy,CA,2022-02-02 14:21:48,50.6996,-127.4199,41.76,93,100,4.61
552,Hasaki,JP,2022-02-02 14:22:48,35.7333,140.8333,28.8,33,1,3.44
553,Tiruchchendur,IN,2022-02-02 14:22:48,8.4833,78.1167,79.48,62,5,14.0
554,Fougamou,GA,2022-02-02 14:22:49,-1.2154,10.5838,79.12,85,94,3.0
555,Tiznit,MA,2022-02-02 14:22:49,29.5833,-9.5,78.64,16,59,2.42
556,Thongwa,MM,2022-02-02 14:22:49,16.7619,96.5278,77.16,42,5,4.59
557,Berlevag,NO,2022-02-02 14:22:50,70.8578,29.0864,19.2,69,100,11.99
558,Yar-Sale,RU,2022-02-02 14:22:50,66.8333,70.8333,-10.8,95,95,9.91
559,Cambrils,ES,2022-02-02 14:22:50,41.0748,1.0524,70.81,36,0,8.01
560,Ocnita,RO,2022-02-02 14:22:51,44.9833,25.55,44.11,78,100,5.84
561,Touros,BR,2022-02-02 14:22:51,-5.1989,-35.4608,88.7,60,88,11.23
562,Yuanping,CN,2022-02-02 14:22:51,38.7153,112.7575,24.15,27,0,4.38
563,Sorong,ID,2022-02-02 14:22:52,-0.8833,131.25,79.95,80,78,3.65
564,Leshukonskoye,RU,2022-02-02 14:22:52,64.8989,45.7622,15.75,97,100,3.89
565,La Malbaie,CA,2022-02-02 14:22:53,47.6575,-70.1559,29.66,89,100,9.82
566,Benemerito De Las Americas,MX,2022-02-02 14:22:53,16.5167,-90.6439,67.41,94,55,2.15
567,Kodinsk,RU,2022-02-02 14:22:53,58.6881,99.1844,-6.47,100,92,2.73
568,Zhezkazgan,KZ,2022-02-02 14:22:55,47.8043,67.7144,10.38,85,0,8.95
569,Raymondville,US,2022-02-02 14:22:55,26.4815,-97.7831,70.09,97,27,7.2
570,Sept-Iles,CA,2022-02-02 14:22:55,50.2001,-66.3821,20.05,91,100,7.0
571,Poltavka,RU,2022-02-02 14:22:56,54.3663,71.7632,12.34,91,100,7.58
572,Maniitsoq,GL,2022-02-02 14:22:56,65.4167,-52.9,2.46,89,100,17.11
573,Cumberland,US,2022-02-02 14:22:56,35.0502,-78.8664,43.09,82,0,10.36
574,Bakel,SN,2022-02-02 14:22:57,14.905,-12.4568,95.5,5,36,20.15
575,Uchiza,PE,2022-02-02 14:22:57,-8.4592,-76.4633,75.92,81,86,1.07
576,Belle Fourche,US,2022-02-02 14:22:57,44.6714,-103.8522,7.32,38,100,6.82
577,Zaymishche,RU,2022-02-02 14:19:11,52.7264,32.2334,24.82,89,100,10.67
578,Sakakah,SA,2022-02-02 14:19:05,29.9697,40.2064,67.57,24,4,11.72
579,Nanortalik,GL,2022-02-02 14:21:50,60.1432,-45.2371,4.42,78,6,16.11
580,Waingapu,ID,2022-02-02 14:22:58,-9.6567,120.2641,79.59,83,75,7.52
581,Mlonggo,ID,2022-02-02 14:22:58,-6.5333,110.7,80.49,80,81,6.78
582,Alakurtti,RU,2022-02-02 14:22:59,66.9672,30.3491,12.63,96,100,4.68
583,Ahipara,NZ,2022-02-02 14:22:59,-35.1667,173.1667,67.84,88,100,10.98
584,Campoverde,PE,2022-02-02 14:22:59,-8.4753,-74.8058,78.49,57,99,2.35
585,Kalol,IN,2022-02-02 14:23:00,22.6,73.45,80.04,26,0,6.89
586,Araouane,ML,2022-02-02 14:23:00,18.9048,-3.5265,80.38,9,0,18.52
587,Kilindoni,TZ,2022-02-02 14:23:00,-7.9139,39.6668,83.66,74,73,11.16
588,Vanimo,PG,2022-02-02 14:23:01,-2.6741,141.3028,77.85,84,100,1.81
589,Cheyenne,US,2022-02-02 14:22:53,41.14,-104.8203,5.92,88,100,10.36
590,Alekseyevsk,RU,2022-02-02 14:23:01,57.8406,108.3492,3.79,97,100,4.16
591,Sayaxche,GT,2022-02-02 14:23:02,16.5167,-90.1667,68.4,91,33,2.89
592,Newcastle,AU,2022-02-02 14:23:02,-32.9272,151.7765,69.78,92,100,8.01
593,Labrea,BR,2022-02-02 14:23:02,-7.2586,-64.7981,79.93,83,100,0.76
